Bitcoin;134.21
Peercoin;0.386525
Namecoin;1.11
Novacoin;4.25
Litecoin;4.35
Terracoin;0.646892
Bitcoin;144.54
Peercoin;0.408861
Namecoin;1.33
Novacoin;4.67
Litecoin;4.38
Terracoin;0.709691
Bitcoin;139
Peercoin;0.3753
Namecoin;1.5
Novacoin;4.31
Litecoin;4.3
Terracoin;0.67415
Bitcoin;116.99
Peercoin;0.322892
Namecoin;1.21
Novacoin;3.68
Litecoin;3.8
Terracoin;0.568572
Bitcoin;105.21
Peercoin;0.278807
Namecoin;1.07
Novacoin;3.3
Litecoin;3.37
Terracoin;0.527102
Bitcoin;97.75
Freicoin;0.118277
Mincoin;0.146625
Peercoin;0.262947
Namecoin;0.915918
Feathercoin;0.441833
Novacoin;3
Litecoin;3.04
Terracoin;0.564995
Freicoin;0.10125
Mincoin;0.292736
Peercoin;0.298125
Bitcoin;112.5
Namecoin;1.06
Feathercoin;0.45
Novacoin;3.49
Litecoin;3.48
Terracoin;0.59625
Bitcoin;115.91
Freicoin;0.081137
Mincoin;0.11591
Peercoin;0.303684
Namecoin;1.15
Feathercoin;0.31304
Novacoin;3.69
Litecoin;3.59
Terracoin;0.567959
Bitcoin;112.3
Freicoin;0.072883
Mincoin;0.211124
Peercoin;0.24706
Namecoin;0.982625
Feathercoin;0.17968
Novacoin;3.28
Litecoin;3.37
Terracoin;0.434601
Bitcoin;111.5
Freicoin;0.0669
Mincoin;0.21185
Peercoin;0.246415
Namecoin;0.957785
Feathercoin;0.219656
Novacoin;3.29
Litecoin;3.33
Terracoin;0.43931
Bitcoin;113.57
Ixcoin;0.014084
Freicoin;0.056783
Mincoin;0.227131
Peercoin;0.291864
Namecoin;0.946001
Feathercoin;0.223764
Novacoin;3.5
Litecoin;3.41
Terracoin;0.464483
Bitcoin;112.67
Ixcoin;0.014085
BitBar;55.21
Freicoin;0.049579
Mincoin;0.225351
Peercoin;0.279422
Namecoin;0.938541
Feathercoin;0.197176
Novacoin;3.49
Litecoin;3.42
Terracoin;0.46758
Bitcoin;117.2
Ixcoin;0.017286
BitBar;57.43
Freicoin;0.049703
Mincoin;0.19924
Peercoin;0.276592
Namecoin;0.986824
Feathercoin;0.20128
Novacoin;3.63
Litecoin;3.44
Terracoin;0.414888
Bitcoin;115.24
Ixcoin;0.01383
BitBar;23.05
Freicoin;0.045061
Mincoin;0.218962
Peercoin;0.256992
Namecoin;0.833207
Feathercoin;0.132529
Novacoin;3.53
Litecoin;3.35
Terracoin;0.401046
Bitcoin;115
Ixcoin;0.01162
BitBar;28.86
Freicoin;0.035959
Mincoin;0.237015
Peercoin;0.24265
Namecoin;0.8464
Feathercoin;0.12535
Novacoin;3.52
Litecoin;3.27
Terracoin;0.38065
Bitcoin;117.98
Ixcoin;0.01252
BitBar;48.37
Freicoin;0.036578
Mincoin;0.247759
Peercoin;0.243038
Namecoin;0.894287
Feathercoin;0.130958
Novacoin;3.65
Litecoin;3.28
Terracoin;0.370457
Bitcoin;111.5
Ixcoin;0.011841
BitBar;36.8
Freicoin;0.036795
Mincoin;0.274291
Peercoin;0.21854
Namecoin;0.801685
Feathercoin;0.128225
Novacoin;3.39
Litecoin;2.82
Terracoin;0.315545
Bitcoin;114.22
Ixcoin;0.011313
BitBar;48.2
Freicoin;0.033124
Mincoin;0.308395
Peercoin;0.225013
Namecoin;0.783549
Feathercoin;0.133637
Novacoin;3.45
Litecoin;2.94
Terracoin;0.330096
Bitcoin;118.76
Ixcoin;0.009145
BitBar;48.69
Freicoin;0.034442
Mincoin;0.299275
Peercoin;0.214956
Namecoin;0.799255
Feathercoin;0.117572
Novacoin;3.59
Litecoin;2.92
Terracoin;0.323027
Bitcoin;123.01
Ixcoin;0.010272
BitBar;47.73
Freicoin;0.031984
Mincoin;0.314426
Peercoin;0.214046
Namecoin;0.798368
Feathercoin;0.126705
Novacoin;3.64
Litecoin;3.19
Terracoin;0.343212
Bitcoin;123.5
Ixcoin;0.01014
BitBar;42.12
Freicoin;0.031927
Mincoin;0.222297
Peercoin;0.179072
Namecoin;0.813853
Feathercoin;0.127203
Novacoin;3.68
Litecoin;3.29
Terracoin;0.371729
Bitcoin;121.99
Ixcoin;0.012211
BitBar;42.7
Freicoin;0.034158
Mincoin;0.195184
Peercoin;0.207383
Namecoin;0.85759
Feathercoin;0.12687
Novacoin;3.62
Litecoin;3.3
Terracoin;0.358651
Bitcoin;122
Ixcoin;0.011128
BitBar;34.41
Freicoin;0.034526
Mincoin;0.190076
Peercoin;0.2196
Namecoin;0.86986
Feathercoin;0.1769
Novacoin;3.74
Litecoin;3.18
Terracoin;0.36478
Bitcoin;122.88
Ixcoin;0.011612
BitBar;34.41
Freicoin;0.036987
Mincoin;0.173261
Peercoin;0.227328
Namecoin;0.867533
Feathercoin;0.208896
Novacoin;3.73
Litecoin;3.09
Terracoin;0.38953
Bitcoin;123.89
WorldCoin;0.112432
Ixcoin;0.011274
BitBar;29.86
Freicoin;0.037414
Mincoin;0.18955
Peercoin;0.209372
Namecoin;0.888284
Feathercoin;0.161056
Novacoin;3.93
Litecoin;3.12
Terracoin;0.3791
Bitcoin;126.7
WorldCoin;0.05068
Ixcoin;0.009756
BitBar;25.61
Freicoin;0.038644
Mincoin;0.163316
Peercoin;0.216657
Namecoin;0.928711
Feathercoin;0.155841
Novacoin;3.99
Litecoin;3.18
Terracoin;0.381367
Bitcoin;133.2
WorldCoin;0.02664
Ixcoin;0.009752
BitBar;24.78
Freicoin;0.034633
Mincoin;0.07326
Peercoin;0.215784
Namecoin;0.973692
Feathercoin;0.121212
Novacoin;4.16
Litecoin;3.18
Terracoin;0.356227
Bitcoin;131.98
WorldCoin;0.026396
Ixcoin;0.009833
BitBar;15.84
Freicoin;0.031675
Mincoin;0.109543
Peercoin;0.211168
Namecoin;0.951576
Feathercoin;0.106904
Novacoin;4.19
Litecoin;3.12
Terracoin;0.349747
Bitcoin;133.48
WorldCoin;0.02565
Ixcoin;0.010066
BitBar;17.36
Freicoin;0.032703
Mincoin;0.12176
Peercoin;0.189542
Namecoin;0.930356
Feathercoin;0.098775
Novacoin;4.31
Litecoin;3.25
Terracoin;0.312343
Bitcoin;129.74
Ixcoin;0.008215
BitBar;17.06
Freicoin;0.032436
Mincoin;0.118353
Peercoin;0.18294
Namecoin;0.888753
Feathercoin;0.101201
Novacoin;4.19
Litecoin;3.1
Terracoin;0.306198
Bitcoin;129
Ixcoin;0.008965
BitBar;17.54
Freicoin;0.033946
Mincoin;0.117394
Peercoin;0.18963
Namecoin;0.89784
Feathercoin;0.10062
Novacoin;4.21
Litecoin;3.09
Terracoin;0.30057
Bitcoin;132.3
Ixcoin;0.007146
BitBar;18.52
Freicoin;0.035456
Mincoin;0.123842
Peercoin;0.183897
Namecoin;0.850689
Feathercoin;0.097902
Novacoin;4.3
Litecoin;3.1
Terracoin;0.27783
Bitcoin;128.8
Ixcoin;0.007342
BitBar;17.02
Freicoin;0.026017
Mincoin;0.115919
Peercoin;0.166151
Namecoin;0.757338
Feathercoin;0.087583
Novacoin;4.33
Litecoin;2.97
Terracoin;0.25631
Bitcoin;129
Ixcoin;0.007166
BitBar;17.03
Freicoin;0.024381
Mincoin;0.090301
Peercoin;0.16125
Namecoin;0.74433
Feathercoin;0.08643
Novacoin;4.21
Litecoin;2.96
Terracoin;0.26445
Bitcoin;129.3
Ixcoin;0.007486
BitBar;16.82
Freicoin;0.02586
Mincoin;0.073702
Peercoin;0.160332
Namecoin;0.74994
Feathercoin;0.085338
Novacoin;4.19
Litecoin;2.83
Terracoin;0.268944
Bitcoin;122.29
Ixcoin;0.006848
BitBar;15.91
Freicoin;0.019811
Mincoin;0.073376
Peercoin;0.151642
Namecoin;0.709295
Feathercoin;0.081936
Novacoin;3.9
Litecoin;2.73
Terracoin;0.23847
Bitcoin;122.22
Ixcoin;0.006722
BitBar;15.9
Freicoin;0.021147
Mincoin;0.033
Peercoin;0.141778
Namecoin;0.727222
Feathercoin;0.078222
Novacoin;3.9
Litecoin;2.73
Terracoin;0.239556
Bitcoin;121.42
Ixcoin;0.006691
BitBar;15.79
Freicoin;0.019792
Mincoin;0.036427
Peercoin;0.134776
Namecoin;0.720021
Feathercoin;0.070424
Novacoin;3.88
Litecoin;2.87
Terracoin;0.231912
Bitcoin;121.65
Ixcoin;0.006641
BitBar;16.06
Freicoin;0.018284
Mincoin;0.053637
Peercoin;0.138681
Namecoin;0.697055
Feathercoin;0.074207
Novacoin;3.88
Litecoin;2.86
Terracoin;0.22262
Bitcoin;118
BitBar;15.43
Freicoin;0.01888
Mincoin;0.057136
Peercoin;0.1298
Namecoin;0.6667
Feathercoin;0.07788
Novacoin;3.79
Litecoin;2.75
Terracoin;0.20886
Bitcoin;111.5
BitBar;15.39
Freicoin;0.016836
Mincoin;0.05575
Peercoin;0.11819
Namecoin;0.63109
Feathercoin;0.08251
Novacoin;3.66
Litecoin;2.6
Terracoin;0.18509
Bitcoin;108.3
BitBar;14.46
Freicoin;0.016246
Mincoin;0.056538
Peercoin;0.11913
Namecoin;0.615144
Feathercoin;0.106134
Novacoin;3.52
Litecoin;2.56
Terracoin;0.200355
Bitcoin;100
WorldCoin;0.01287
BitBar;13.1
Digitalcoin;0.0392
Freicoin;0.016129
Mincoin;0.0411
Peercoin;0.118
Namecoin;0.576
Feathercoin;0.126
Novacoin;3.31
Litecoin;2.38
Terracoin;0.195
Bitcoin;106.35
WorldCoin;0.009784
BitBar;10.64
Digitalcoin;0.040628
Freicoin;0.017123
Mincoin;0.04414
Peercoin;0.119112
Namecoin;0.59556
Feathercoin;0.111668
Novacoin;3.48
Litecoin;2.49
Terracoin;0.190367
Bitcoin;108.9
WorldCoin;0.011365
BitBar;11.43
Digitalcoin;0.038225
Freicoin;0.017751
Mincoin;0.046936
Peercoin;0.118701
Namecoin;0.574992
Feathercoin;0.109989
Novacoin;3.59
Litecoin;2.4
Terracoin;0.192753
Bitcoin;108.15
WorldCoin;0.012019
BitBar;10.82
Digitalcoin;0.038205
Freicoin;0.017416
Mincoin;0.045319
Peercoin;0.118965
Namecoin;0.54832
Feathercoin;0.111395
Novacoin;3.54
Litecoin;2.38
Terracoin;0.190344
Bitcoin;104
WorldCoin;0.0104
BitBar;8.32
Digitalcoin;0.03484
Freicoin;0.017333
Mincoin;0.04358
Peercoin;0.1196
Namecoin;0.5096
Feathercoin;0.1092
Novacoin;3.4
Litecoin;2.27
Terracoin;0.17888
Bitcoin;99.98
WorldCoin;0.010198
BitBar;6
Digitalcoin;0.031268
Freicoin;0.015998
Mincoin;0.041894
Peercoin;0.107977
Namecoin;0.469901
Feathercoin;0.11239
Novacoin;3.27
Litecoin;2.13
GoldCoin;0.001537
Terracoin;0.166965
Bitcoin;99.99
WorldCoin;0.009802
BitBar;6.5
Digitalcoin;0.028728
Freicoin;0.017498
Mincoin;0.041395
Peercoin;0.108987
Namecoin;0.404952
Feathercoin;0.114986
Novacoin;3.28
Litecoin;2.11
GoldCoin;0.001155
Terracoin;0.16598
WorldCoin;0.009473
BitBar;5.97
Digitalcoin;0.029874
Freicoin;0.017913
Mincoin;0.033933
Peercoin;0.110456
Bitcoin;99.51
Namecoin;0.395055
Feathercoin;0.108466
Novacoin;3.25
Litecoin;2.13
GoldCoin;0.001462
Terracoin;0.160211
WorldCoin;0.008048
BitBar;5.19
Digitalcoin;0.033663
Freicoin;0.019775
Mincoin;0.02034
Peercoin;0.114921
Bitcoin;101.7
Namecoin;0.39663
Feathercoin;0.109836
Novacoin;3.33
Litecoin;2.28
GoldCoin;0.001593
Terracoin;0.158652
Bitcoin;107.4
WorldCoin;0.008504
BitBar;5.91
Digitalcoin;0.036623
Freicoin;0.019333
Mincoin;0.021482
Peercoin;0.117066
Namecoin;0.40812
Feathercoin;0.100956
Novacoin;3.43
Litecoin;2.31
GoldCoin;0.001237
Terracoin;0.149286
Bitcoin;108.25
WorldCoin;0.009011
BitBar;6.17
Digitalcoin;0.037455
Freicoin;0.019485
Mincoin;0.016995
Peercoin;0.123405
Namecoin;0.591047
Feathercoin;0.100673
Novacoin;3.57
Litecoin;2.3
GoldCoin;0.001361
Terracoin;0.146138
Bitcoin;110.15
WorldCoin;0.009473
Ixcoin;0.004076
BitBar;6.38
Digitalcoin;0.032065
Freicoin;0.01763
Mincoin;0.017956
Peercoin;0.133282
Namecoin;0.561765
Feathercoin;0.101338
Novacoin;3.62
Litecoin;2.29
GoldCoin;0.001426
Terracoin;0.152007
Bitcoin;109.5
WorldCoin;0.009889
Ixcoin;0.0047
BitBar;9.2
Digitalcoin;0.030222
Freicoin;0.016425
Mincoin;0.01785
Peercoin;0.128115
Namecoin;0.533265
Feathercoin;0.09417
Novacoin;3.51
Litecoin;2.87
GoldCoin;0.001456
Terracoin;0.14892
Bitcoin;108.3
WorldCoin;0.009802
Ixcoin;0.00436
BitBar;6.61
Digitalcoin;0.029242
Freicoin;0.016785
Mincoin;0.021663
Peercoin;0.123462
Namecoin;0.565326
Feathercoin;0.084474
Novacoin;3.5
Litecoin;2.92
GoldCoin;0.001018
Terracoin;0.137541
Bitcoin;107.6
WorldCoin;0.009766
Ixcoin;0.00495
BitBar;6.56
Digitalcoin;0.028192
Freicoin;0.01259
Mincoin;0.021525
Peercoin;0.121588
Namecoin;0.562748
Feathercoin;0.098992
Novacoin;3.5
Litecoin;3.12
GoldCoin;0.001188
Terracoin;0.13988
Bitcoin;102.74
WorldCoin;0.009463
Ixcoin;0.003906
BitBar;5.86
Digitalcoin;0.026199
Freicoin;0.014676
Mincoin;0.020558
Peercoin;0.12123
Namecoin;0.57841
Feathercoin;0.095546
Novacoin;3.3
Litecoin;2.87
GoldCoin;0.00119
Terracoin;0.131503
Bitcoin;103.95
WorldCoin;0.009627
Ixcoin;0.003735
BitBar;5.93
Digitalcoin;0.026775
Freicoin;0.014033
Mincoin;0.030144
Peercoin;0.1237
Namecoin;0.592515
Feathercoin;0.090437
Novacoin;3.34
Litecoin;2.82
GoldCoin;0.000952
Terracoin;0.138253
Bitcoin;104
WorldCoin;0.009688
Ixcoin;0.004
BitBar;6.14
Digitalcoin;0.024336
Freicoin;0.0156
Mincoin;0.0312
Peercoin;0.1248
Namecoin;0.5876
Feathercoin;0.088508
Novacoin;3.36
Litecoin;2.86
GoldCoin;0.001027
Terracoin;0.13624
Bitcoin;101.44
WorldCoin;0.009124
Ixcoin;0.003756
BitBar;5.86
Digitalcoin;0.03246
Freicoin;0.011259
Mincoin;0.030431
Peercoin;0.124768
Namecoin;0.566019
Feathercoin;0.086222
Novacoin;3.29
Litecoin;3.02
GoldCoin;0.000742
Terracoin;0.133897
Bitcoin;94.65
WorldCoin;0.007582
Ixcoin;0.003785
BitBar;5.4
Digitalcoin;0.028396
Freicoin;0.011358
Mincoin;0.032181
Peercoin;0.119258
Namecoin;0.510159
Feathercoin;0.078559
Novacoin;3.03
Litecoin;2.75
GoldCoin;0.000662
Terracoin;0.12399
WorldCoin;0.007888
Ixcoin;0.003505
BitBar;5.7
Digitalcoin;0.026693
Freicoin;0.013299
Mincoin;0.032584
Peercoin;0.118742
Bitcoin;94.99
Namecoin;0.508218
Feathercoin;0.076945
Novacoin;3.08
Litecoin;2.79
GoldCoin;0.000442
Terracoin;0.124442
WorldCoin;0.007942
Ixcoin;0.003671
BitBar;5.91
Digitalcoin;0.026185
Freicoin;0.01256
Mincoin;0.037196
Peercoin;0.121734
Bitcoin;96.61
Namecoin;0.501427
Feathercoin;0.078257
Novacoin;3.09
Litecoin;2.98
GoldCoin;0.000388
Terracoin;0.130429
WorldCoin;0.005284
Ixcoin;0.002908
BitBar;5.31
Digitalcoin;0.022453
Freicoin;0.009687
Mincoin;0.029057
Peercoin;0.12327
Bitcoin;88.05
Namecoin;0.466665
Feathercoin;0.068679
Novacoin;2.83
Litecoin;2.95
GoldCoin;0.000437
Terracoin;0.117987
WorldCoin;0.006224
Ixcoin;0.003064
BitBar;5.43
Digitalcoin;0.023796
Freicoin;0.010996
Mincoin;0.030647
Peercoin;0.146017
Bitcoin;90.13
Namecoin;0.473204
Feathercoin;0.071206
Novacoin;2.88
Litecoin;2.83
GoldCoin;0.000429
Terracoin;0.127089
WorldCoin;0.005428
Ixcoin;0.002729
BitBar;4.81
Digitalcoin;0.020158
Freicoin;0.008924
Mincoin;0.026362
Peercoin;0.151184
Bitcoin;77.53
Namecoin;0.423314
Feathercoin;0.069777
Novacoin;2.48
Litecoin;2.62
GoldCoin;0.000423
Terracoin;0.124048
WorldCoin;0.005839
Ixcoin;0.002851
BitBar;4.99
Phoenixcoin;0.012482
Digitalcoin;0.019487
Freicoin;0.009301
Fastcoin;0.001007
Mincoin;0.027383
Peercoin;0.158636
Bitcoin;80.53
Namecoin;0.461413
Feathercoin;0.082136
Novacoin;2.68
Litecoin;2.73
GoldCoin;0.000434
Terracoin;0.191651
Argentum;0.007455
WorldCoin;0.005066
Ixcoin;0.002444
BitBar;4.13
Phoenixcoin;0.011633
Digitalcoin;0.017724
Freicoin;0.007906
Fastcoin;0.000789
Mincoin;0.020529
Peercoin;0.139599
Bitcoin;68.43
Namecoin;0.438643
Feathercoin;0.072537
Novacoin;2.52
Litecoin;2.43
GoldCoin;0.000401
Terracoin;0.184764
Argentum;0.01095
WorldCoin;0.005446
Ixcoin;0.002396
BitBar;4.01
Phoenixcoin;0.010686
Digitalcoin;0.018274
Freicoin;0.008159
Fastcoin;0.001387
Mincoin;0.023423
Peercoin;0.13423
Bitcoin;70.28
Namecoin;0.465236
Feathercoin;0.074494
Novacoin;2.81
Litecoin;2.52
GoldCoin;0.000415
Terracoin;0.184127
Argentum;0.010893
WorldCoin;0.005711
Ixcoin;0.003335
BitBar;3.73
Phoenixcoin;0.011855
Digitalcoin;0.021548
Megacoin;0.00314
Freicoin;0.010069
Fastcoin;0.001215
Mincoin;0.029915
Peercoin;0.131973
Bitcoin;74.56
Namecoin;0.436928
Feathercoin;0.075307
Novacoin;2.84
Litecoin;2.66
GoldCoin;0.000453
Terracoin;0.167017
Argentum;0.013048
WorldCoin;0.00658
Ixcoin;0.00336
BitBar;3.83
Phoenixcoin;0.013009
Digitalcoin;0.022192
Megacoin;0.003903
Freicoin;0.010598
Fastcoin;0.001569
Mincoin;0.032988
Peercoin;0.134668
Bitcoin;76.52
Namecoin;0.444558
Feathercoin;0.073455
Novacoin;3.04
Litecoin;2.61
GoldCoin;0.000436
Terracoin;0.16604
Argentum;0.015066
WorldCoin;0.006596
Ixcoin;0.003187
BitBar;3.07
Phoenixcoin;0.012655
Digitalcoin;0.029105
Megacoin;0.004458
Freicoin;0.010623
Fastcoin;0.00124
Mincoin;0.033071
Peercoin;0.129613
Bitcoin;76.69
Namecoin;0.44866
Feathercoin;0.07516
Novacoin;3.3
Litecoin;2.61
GoldCoin;0.000519
Terracoin;0.154922
Argentum;0.013806
WorldCoin;0.008069
Ixcoin;0.003644
BitBar;4.77
Phoenixcoin;0.014836
Digitalcoin;0.048499
Megacoin;0.004974
Freicoin;0.012016
Fastcoin;0.001503
Mincoin;0.023425
Peercoin;0.143154
Bitcoin;86.76
Infinitecoin;8.7e-07
Namecoin;0.472842
Feathercoin;0.081554
Novacoin;3.54
Litecoin;2.81
GoldCoin;0.000488
Terracoin;0.157036
Argentum;0.019963
WorldCoin;0.008897
Ixcoin;0.00445
BitBar;3.21
Phoenixcoin;0.029016
Digitalcoin;0.045589
Megacoin;0.004274
Freicoin;0.012324
Fastcoin;0.001514
Mincoin;0.031052
Peercoin;0.13525
Infinitecoin;8.9e-07
Bitcoin;88.98
Primecoin;0.53388
Namecoin;0.507186
Feathercoin;0.086311
Novacoin;3.76
Litecoin;2.73
GoldCoin;0.000591
Terracoin;0.158384
Argentum;0.037372
WorldCoin;0.009359
Ixcoin;0.003904
BitBar;3.38
Phoenixcoin;0.034306
Digitalcoin;0.053818
Megacoin;0.004564
Freicoin;0.012261
Fastcoin;0.001549
Mincoin;0.021809
Peercoin;0.146008
Infinitecoin;5.5e-07
Bitcoin;93.59
Primecoin;0.37438
Namecoin;0.529747
Feathercoin;0.082364
Novacoin;3.94
Litecoin;2.79
GoldCoin;0.000517
Terracoin;0.158175
Argentum;0.037438
WorldCoin;0.01129
Ixcoin;0.004176
BitBar;3.93
Phoenixcoin;0.029515
Digitalcoin;0.06007
Megacoin;0.005422
Freicoin;0.012757
Fastcoin;0.001571
Mincoin;0.022866
Peercoin;0.147201
Infinitecoin;3.4e-07
Bitcoin;98.13
Primecoin;0.343468
Namecoin;0.553475
Feathercoin;0.087339
Novacoin;4.19
Litecoin;2.9
GoldCoin;0.00049
Terracoin;0.164865
Argentum;0.040235
WorldCoin;0.010322
Ixcoin;0.003614
BitBar;3.79
Phoenixcoin;0.021926
Digitalcoin;0.056283
Megacoin;0.004929
Freicoin;0.011363
Fastcoin;0.001888
Mincoin;0.022737
Peercoin;0.160028
Infinitecoin;3.2e-07
Bitcoin;94.69
Primecoin;0.156241
Namecoin;0.539741
Feathercoin;0.082382
Novacoin;3.98
Litecoin;2.91
GoldCoin;0.000417
Terracoin;0.156241
Argentum;0.047346
Anoncoin;0.018696
WorldCoin;0.009872
Ixcoin;0.003937
BitBar;4.92
Phoenixcoin;0.027847
Digitalcoin;0.048762
Megacoin;0.005806
Freicoin;0.011879
Fastcoin;0.001869
Mincoin;0.027555
Peercoin;0.15252
Infinitecoin;3e-07
Bitcoin;98.4
Primecoin;0.178104
Namecoin;0.553993
Feathercoin;0.086592
Novacoin;4.09
Litecoin;2.98
GoldCoin;0.000457
Terracoin;0.174168
Argentum;0.044479
Anoncoin;0.024509
WorldCoin;0.010234
Ixcoin;0.004381
BitBar;3.52
Phoenixcoin;0.027341
Digitalcoin;0.043366
Megacoin;0.005361
Freicoin;0.011458
Fastcoin;0.001647
Mincoin;0.031183
Peercoin;0.152998
Infinitecoin;3.4e-07
Bitcoin;97.45
Primecoin;0.437355
Namecoin;0.560342
Feathercoin;0.086731
Novacoin;4.07
Litecoin;3.1
GoldCoin;0.000537
Terracoin;0.166641
Argentum;0.044209
Anoncoin;0.025807
WorldCoin;0.011032
Ixcoin;0.004482
BitBar;3.57
Phoenixcoin;0.03546
Digitalcoin;0.044916
Megacoin;0.005517
Freicoin;0.012805
Fastcoin;0.001791
Mincoin;0.028569
Peercoin;0.1576
Infinitecoin;3.4e-07
Bitcoin;98.5
Primecoin;0.521803
Namecoin;0.564405
Feathercoin;0.08668
Novacoin;4.05
Litecoin;3.15
GoldCoin;0.000537
Terracoin;0.16548
Argentum;0.052255
Anoncoin;0.027083
WorldCoin;0.010779
Ixcoin;0.00453
BitBar;4.89
Phoenixcoin;0.031703
Digitalcoin;0.040172
Megacoin;0.005617
Freicoin;0.01087
Fastcoin;0.001962
Mincoin;0.038755
Peercoin;0.147645
Infinitecoin;4.3e-07
Bitcoin;90.58
Primecoin;1.21
Namecoin;0.505436
Feathercoin;0.080616
Novacoin;3.85
Litecoin;2.89
GoldCoin;0.000538
Terracoin;0.151269
Argentum;0.072555
Anoncoin;0.018434
WorldCoin;0.010726
Ixcoin;0.004189
BitBar;3.92
Phoenixcoin;0.038988
Digitalcoin;0.035716
Megacoin;0.00613
Freicoin;0.01106
Fastcoin;0.002111
Mincoin;0.030416
Peercoin;0.151159
Infinitecoin;4.6e-07
Bitcoin;92.17
Primecoin;0.898657
Namecoin;0.518917
Feathercoin;0.079266
Novacoin;3.91
Litecoin;2.96
GoldCoin;0.000591
Terracoin;0.157611
Argentum;0.075951
Anoncoin;0.02485
WorldCoin;0.010393
Ixcoin;0.00341
BitBar;4.91
Phoenixcoin;0.037544
Digitalcoin;0.035755
Megacoin;0.008582
Freicoin;0.010727
Fastcoin;0.004693
Mincoin;0.030901
Peercoin;0.148388
Infinitecoin;4e-07
Bitcoin;89.39
Primecoin;0.893901
Namecoin;0.497009
Feathercoin;0.079557
Novacoin;3.75
Litecoin;2.86
GoldCoin;0.000622
Terracoin;0.151963
Argentum;0.082241
Anoncoin;0.070337
WorldCoin;0.011799
Ixcoin;0.003904
BitBar;4.98
Phoenixcoin;0.036939
Digitalcoin;0.03181
Megacoin;0.012321
Freicoin;0.010784
Fastcoin;0.004533
Mincoin;0.038897
Peercoin;0.139766
Infinitecoin;4e-07
Bitcoin;90.76
Primecoin;1.04
Namecoin;0.488274
Feathercoin;0.080774
Novacoin;3.85
Litecoin;2.92
GoldCoin;0.000726
Terracoin;0.14975
Argentum;0.08395
Anoncoin;0.160393
WorldCoin;0.010994
Ixcoin;0.003849
BitBar;4.12
Phoenixcoin;0.036733
Digitalcoin;0.033622
Megacoin;0.013513
Freicoin;0.010905
Fastcoin;0.012093
Mincoin;0.034812
Peercoin;0.139247
Infinitecoin;3.8e-07
Bitcoin;91.61
Primecoin;0.82449
Namecoin;0.53317
Feathercoin;0.080617
Novacoin;4.4
Litecoin;2.89
GoldCoin;0.000762
Terracoin;0.15024
Argentum;0.081533
Anoncoin;0.155982
WorldCoin;0.011463
Ixcoin;0.004014
BitBar;4.3
Phoenixcoin;0.039376
Digitalcoin;0.030101
Megacoin;0.012757
Freicoin;0.010517
Fastcoin;0.013713
Mincoin;0.033924
Peercoin;0.144293
Infinitecoin;3.8e-07
Bitcoin;95.56
Primecoin;0.917362
Namecoin;0.577594
Feathercoin;0.084091
Novacoin;4.3
Litecoin;2.99
GoldCoin;0.000728
Terracoin;0.143338
Argentum;0.06283
Anoncoin;0.132315
WorldCoin;0.010462
Ixcoin;0.003732
BitBar;4.26
Phoenixcoin;0.021265
Digitalcoin;0.030674
Megacoin;0.011801
Freicoin;0.009687
Fastcoin;0.013475
Mincoin;0.031188
Peercoin;0.13704
Infinitecoin;3.5e-07
Bitcoin;94.51
Primecoin;0.860061
Namecoin;0.577456
Feathercoin;0.084114
Novacoin;4.64
Litecoin;2.94
GoldCoin;0.000725
Terracoin;0.147436
Argentum;0.053513
Anoncoin;0.106592
WorldCoin;0.00999
Ixcoin;0.004069
BitBar;3.63
Phoenixcoin;0.032316
Digitalcoin;0.028104
Megacoin;0.012306
Freicoin;0.010072
Fastcoin;0.010417
Mincoin;0.03101
Peercoin;0.138567
Infinitecoin;4.9e-07
Bitcoin;96.9
Primecoin;0.805144
CasinoCoin;0.003891
Namecoin;0.61047
Feathercoin;0.086241
Novacoin;6.09
Litecoin;2.97
GoldCoin;0.000813
Terracoin;0.137598
Argentum;0.062985
Anoncoin;0.087042
WorldCoin;0.010081
Ixcoin;0.003361
BitBar;3.84
Phoenixcoin;0.032362
Digitalcoin;0.030485
Megacoin;0.012009
Freicoin;0.010082
Fastcoin;0.006392
Mincoin;0.030246
Peercoin;0.137309
Infinitecoin;4.8e-07
Bitcoin;96.02
Primecoin;0.692795
CasinoCoin;0.004804
Namecoin;0.591484
Feathercoin;0.086418
Novacoin;5.91
Litecoin;2.9
GoldCoin;0.000845
Terracoin;0.134428
Argentum;0.056652
Anoncoin;0.095058
WorldCoin;0.008576
Ixcoin;0.003765
BitBar;3.76
Phoenixcoin;0.026819
Digitalcoin;0.027437
Megacoin;0.01327
Freicoin;0.009412
Fastcoin;0.007352
Mincoin;0.026823
Peercoin;0.133645
Infinitecoin;7.2e-07
Bitcoin;94.12
Primecoin;0.748222
CasinoCoin;0.007057
Namecoin;0.605166
Feathercoin;0.085646
Novacoin;5.9
Litecoin;2.88
GoldCoin;0.00098
Terracoin;0.132704
Argentum;0.047062
Anoncoin;0.088663
WorldCoin;0.007982
Ixcoin;0.003946
BitBar;3.99
Phoenixcoin;0.027148
Digitalcoin;0.029928
Megacoin;0.009974
Freicoin;0.009078
Fastcoin;0.005187
Mincoin;0.024941
Peercoin;0.137664
Infinitecoin;7.7e-07
Bitcoin;99.76
Primecoin;0.723231
CasinoCoin;0.004191
Namecoin;0.613499
Feathercoin;0.087806
Novacoin;6.01
Litecoin;2.98
GoldCoin;0.000961
Terracoin;0.131747
Argentum;0.043894
Anoncoin;0.081781
WorldCoin;0.008995
Ixcoin;0.003999
BitBar;4.45
Phoenixcoin;0.026312
Digitalcoin;0.029655
Megacoin;0.007894
Freicoin;0.011132
Fastcoin;0.004756
Mincoin;0.025806
Peercoin;0.142692
Infinitecoin;8.3e-07
Bitcoin;101.2
Primecoin;0.58696
CasinoCoin;0.003158
Namecoin;0.628452
Feathercoin;0.108284
Novacoin;5.9
Litecoin;2.96
GoldCoin;0.001204
Terracoin;0.1518
Argentum;0.04554
Bitcoin;107.99
Anoncoin;0.102591
WorldCoin;0.009709
Ixcoin;0.004154
BitBar;4.75
Phoenixcoin;0.029211
Digitalcoin;0.031873
Megacoin;0.009666
Freicoin;0.009816
Fastcoin;0.004581
Mincoin;0.032422
Peercoin;0.154426
Infinitecoin;6.8e-07
Primecoin;0.672778
CasinoCoin;0.002326
Namecoin;0.64362
Feathercoin;0.126348
Novacoin;6.11
Litecoin;2.99
GoldCoin;0.00128
Terracoin;0.160905
Argentum;0.059396
Bitcoin;106.09
Anoncoin;0.085731
WorldCoin;0.008965
Ixcoin;0.003718
BitBar;3.71
Phoenixcoin;0.032887
Digitalcoin;0.03077
Megacoin;0.007757
Freicoin;0.010609
Fastcoin;0.003772
Mincoin;0.031859
Peercoin;0.147465
Infinitecoin;6.8e-07
Primecoin;0.677704
CasinoCoin;0.002361
Namecoin;0.622749
Feathercoin;0.125186
Novacoin;5.79
Litecoin;2.87
GoldCoin;0.001575
Terracoin;0.15277
Argentum;0.051266
Bitcoin;104
Anoncoin;0.0988
WorldCoin;0.008351
Ixcoin;0.003797
BitBar;3.64
Phoenixcoin;0.00729
Digitalcoin;0.028626
Megacoin;0.007695
Freicoin;0.007428
Fastcoin;0.003961
Mincoin;0.031512
Peercoin;0.1456
Infinitecoin;6.7e-07
Primecoin;0.637625
CasinoCoin;0.002418
Namecoin;0.6084
Feathercoin;0.13416
Novacoin;5.41
Litecoin;2.91
GoldCoin;0.002077
Terracoin;0.15288
Argentum;0.048798
Bitcoin;104.5
Anoncoin;0.099276
WorldCoin;0.007945
Ixcoin;0.004023
BitBar;3.24
Phoenixcoin;0.022468
Digitalcoin;0.034484
Megacoin;0.006587
Freicoin;0.006479
Fastcoin;0.004167
Mincoin;0.04389
Peercoin;0.155707
Infinitecoin;7.4e-07
Primecoin;0.651041
CasinoCoin;0.004807
Namecoin;0.618646
Feathercoin;0.198552
Novacoin;5.45
Litecoin;2.84
GoldCoin;0.003156
Terracoin;0.172427
Argentum;0.043888
Bitcoin;104
Anoncoin;0.084049
WorldCoin;0.008331
Ixcoin;0.00468
BitBar;3.22
Phoenixcoin;0.024308
Digitalcoin;0.035151
Megacoin;0.007785
Freicoin;0.00728
Fastcoin;0.004414
Mincoin;0.037443
Peercoin;0.161208
Infinitecoin;7.9e-07
Primecoin;0.635471
CasinoCoin;0.00936
Namecoin;0.61987
Feathercoin;0.194489
Novacoin;5.44
Litecoin;2.96
GoldCoin;0.001655
Terracoin;0.171608
Argentum;0.047675
Bitcoin;105.14
Anoncoin;0.094629
Bullion;0.112152
WorldCoin;0.008433
Ixcoin;0.003839
BitBar;3.36
Phoenixcoin;0.023247
Digitalcoin;0.03529
Megacoin;0.007361
Freicoin;0.006834
Fastcoin;0.004075
Emerald Crypto;0.005504
Mincoin;0.073601
Peercoin;0.16087
Infinitecoin;8.1e-07
XRP;0.005882
Primecoin;0.64874
CasinoCoin;0.007259
Namecoin;0.621399
Feathercoin;0.166127
Novacoin;5.46
Litecoin;3.01
GoldCoin;0.002147
Terracoin;0.169281
Argentum;0.04312
Bitcoin;106.22
Anoncoin;0.095598
Bullion;0.082852
WorldCoin;0.008557
Ixcoin;0.004781
BitBar;2.34
Phoenixcoin;0.021456
Digitalcoin;0.036325
Megacoin;0.007395
Freicoin;0.006377
Fastcoin;0.003877
Emerald Crypto;0.005121
Mincoin;0.084976
Peercoin;0.156143
Infinitecoin;7.8e-07
XRP;0.005613
Primecoin;0.685119
CasinoCoin;0.007224
Namecoin;0.608641
Feathercoin;0.142335
Novacoin;5.38
Litecoin;2.83
GoldCoin;0.002113
Terracoin;0.165703
Argentum;0.044613
Bitcoin;106.75
Anoncoin;0.063404
Bullion;0.068254
WorldCoin;0.008877
Ixcoin;0.004804
BitBar;3.84
Phoenixcoin;0.019502
Digitalcoin;0.03752
Megacoin;0.004876
Freicoin;0.006713
Fastcoin;0.002387
Emerald Crypto;0.0048
Mincoin;0.083299
Peercoin;0.156645
Infinitecoin;7e-07
XRP;0.00468
Primecoin;0.828802
CasinoCoin;0.004902
Namecoin;0.81413
Feathercoin;0.140661
Novacoin;4.64
Litecoin;2.82
GoldCoin;0.001754
Terracoin;0.153449
Argentum;0.044803
Bitcoin;106.75
Anoncoin;0.063593
Bullion;0.090093
WorldCoin;0.008643
BitBar;3.87
Phoenixcoin;0.018665
Digitalcoin;0.038702
Megacoin;0.005939
Freicoin;0.009857
Fastcoin;0.00323
Emerald Crypto;0.003921
Mincoin;0.105884
Peercoin;0.169584
Infinitecoin;6.4e-07
XRP;0.004417
Primecoin;0.859579
CasinoCoin;0.004262
Namecoin;0.73451
Feathercoin;0.138847
Novacoin;5.23
Litecoin;2.76
GoldCoin;0.00156
Terracoin;0.21092
Argentum;0.04367
Bitcoin;103
Anoncoin;0.061285
Bullion;0.087139
WorldCoin;0.008033
Ixcoin;0.006499
BitBar;2.68
Phoenixcoin;0.017207
Digitalcoin;0.035023
Megacoin;0.005274
Freicoin;0.00721
Fastcoin;0.00275
Emerald Crypto;0.00343
Mincoin;0.107113
Peercoin;0.16274
Infinitecoin;7.1e-07
XRP;0.004254
Primecoin;0.826184
CasinoCoin;0.003606
Namecoin;0.69113
Feathercoin;0.15244
Novacoin;5.37
Litecoin;2.7
GoldCoin;0.001937
Terracoin;0.1751
Argentum;0.04223
Bitcoin;102.8
Anoncoin;0.071446
Bullion;0.102789
WorldCoin;0.008142
Ixcoin;0.006377
BitBar;2.67
Phoenixcoin;0.018132
Digitalcoin;0.031468
Megacoin;0.005357
Freicoin;0.006322
Fastcoin;0.002442
Emerald Crypto;0.003496
Mincoin;0.103093
Peercoin;0.162424
Infinitecoin;6.1e-07
XRP;0.004291
Primecoin;0.850157
CasinoCoin;0.00386
Namecoin;0.696984
Feathercoin;0.14906
Novacoin;5.24
Litecoin;2.68
GoldCoin;0.002116
Terracoin;0.181956
Argentum;0.039989
Bitcoin;103
Anoncoin;0.038626
Bullion;0.126697
WorldCoin;0.007955
Ixcoin;0.005568
BitBar;3.09
Phoenixcoin;0.017201
Digitalcoin;0.030914
Megacoin;0.005275
Freicoin;0.00721
Fastcoin;0.002312
Emerald Crypto;0.003811
Mincoin;0.086932
Peercoin;0.15862
Infinitecoin;7.3e-07
XRP;0.004314
Primecoin;0.847381
CasinoCoin;0.003457
Namecoin;0.64581
Feathercoin;0.14935
Novacoin;5.19
Litecoin;2.56
GoldCoin;0.002177
Terracoin;0.18128
Argentum;0.036163
Bitcoin;105
Anoncoin;0.0399
Bullion;0.1281
WorldCoin;0.00819
Ixcoin;0.005784
BitBar;3.15
Phoenixcoin;0.020681
Digitalcoin;0.030987
Megacoin;0.005924
Freicoin;0.006616
Fastcoin;0.002364
Emerald Crypto;0.00442
Mincoin;0.070052
Peercoin;0.15855
Infinitecoin;1e-06
XRP;0.004415
Primecoin;0.883155
CasinoCoin;0.003744
Namecoin;0.67305
Feathercoin;0.15225
Novacoin;5.15
Litecoin;2.69
GoldCoin;0.002052
Terracoin;0.1806
Argentum;0.031606
Bitcoin;106.64
Anoncoin;0.040521
Bullion;0.13416
WorldCoin;0.007987
Ixcoin;0.005876
BitBar;3.2
Phoenixcoin;0.019778
Digitalcoin;0.030941
Megacoin;0.007785
Freicoin;0.007108
Fastcoin;0.002434
Emerald Crypto;0.005865
Mincoin;0.073641
Peercoin;0.156292
Infinitecoin;2e-06
XRP;0.004449
Primecoin;0.970384
CasinoCoin;0.003558
Namecoin;0.762445
Feathercoin;0.151423
Novacoin;5.06
Litecoin;2.65
GoldCoin;0.002708
Terracoin;0.181168
Argentum;0.034796
Bitcoin;109
Anoncoin;0.041426
Bullion;0.125351
WorldCoin;0.008447
Ixcoin;0.006333
BitBar;2.94
Phoenixcoin;0.020005
Digitalcoin;0.031711
Megacoin;0.007036
Freicoin;0.006977
Fastcoin;0.002506
Emerald Crypto;0.004361
Mincoin;0.07085
Peercoin;0.16459
Infinitecoin;2e-06
XRP;0.004245
Primecoin;0.962056
CasinoCoin;0.003597
Namecoin;0.763
Feathercoin;0.15042
Novacoin;5.29
Litecoin;2.74
GoldCoin;0.002869
Terracoin;0.19293
Argentum;0.040922
Bitcoin;112.56
Anoncoin;0.066412
Bullion;0.123819
WorldCoin;0.008111
Ixcoin;0.005747
BitBar;2.27
Phoenixcoin;0.020318
Digitalcoin;0.030454
Megacoin;0.006894
Freicoin;0.006754
Fastcoin;0.002647
Emerald Crypto;0.00365
Mincoin;0.073053
Peercoin;0.168843
Infinitecoin;2e-06
XRP;0.003788
Primecoin;0.956778
CasinoCoin;0.003941
Namecoin;0.713643
Feathercoin;0.149708
Novacoin;5.26
Litecoin;2.73
GoldCoin;0.002406
Terracoin;0.209365
Argentum;0.041074
Bitcoin;109.99
Anoncoin;0.076993
Bullion;0.128688
WorldCoin;0.007822
Ixcoin;0.00647
BitBar;2.22
Phoenixcoin;0.018871
Digitalcoin;0.030908
Megacoin;0.006719
Freicoin;0.006529
Fastcoin;0.002652
Emerald Crypto;0.00187
Mincoin;0.071065
Peercoin;0.165733
Infinitecoin;3e-06
XRP;0.003092
Primecoin;0.868921
CasinoCoin;0.003686
Namecoin;0.639042
Feathercoin;0.156186
Novacoin;5.2
Litecoin;2.76
GoldCoin;0.002392
Terracoin;0.191995
Argentum;0.035925
Bitcoin;108.99
Anoncoin;0.076296
Bullion;0.151175
WorldCoin;0.007183
Ixcoin;0.005565
BitBar;2.2
Phoenixcoin;0.01831
Digitalcoin;0.030193
Megacoin;0.006219
Freicoin;0.00665
Fastcoin;0.002285
Emerald Crypto;0.002071
Mincoin;0.080438
Infinitecoin;3e-06
XRP;0.003134
Primecoin;0.871969
CasinoCoin;0.003412
Namecoin;0.639798
Feathercoin;0.155862
Litecoin;2.72
GoldCoin;0.006507
Argentum;0.02834
Bitcoin;113.5
Anoncoin;0.06583
Bullion;0.17252
WorldCoin;0.008287
Ixcoin;0.005796
BitBar;2.29
Phoenixcoin;0.017942
Digitalcoin;0.029522
Megacoin;0.005736
Freicoin;0.006958
Fastcoin;0.002293
Emerald Crypto;0.003122
Mincoin;0.079451
Peercoin;0.169115
Infinitecoin;4e-06
XRP;0.005671
Primecoin;0.892684
CasinoCoin;0.003632
Namecoin;0.670785
Feathercoin;0.14755
Novacoin;5.29
Litecoin;2.82
GoldCoin;0.006634
Terracoin;0.196355
Argentum;0.029286
Bitcoin;113.5
Anoncoin;0.06356
Bullion;0.14755
WorldCoin;0.008058
Ixcoin;0.006305
BitBar;2.41
Phoenixcoin;0.018148
Digitalcoin;0.034986
Megacoin;0.005903
Freicoin;0.008093
Fastcoin;0.002206
Emerald Crypto;0.002569
Mincoin;0.073777
Peercoin;0.16798
Infinitecoin;5e-06
XRP;0.005617
Primecoin;0.828545
CasinoCoin;0.002986
Namecoin;0.681
Feathercoin;0.14755
Novacoin;5.27
Litecoin;2.8
GoldCoin;0.012638
Terracoin;0.19522
Argentum;0.035179
Bitcoin;119
Anoncoin;0.06664
Bullion;0.14637
WorldCoin;0.008449
Ixcoin;0.006887
BitBar;2.52
Phoenixcoin;0.018838
Digitalcoin;0.032726
Megacoin;0.005712
Freicoin;0.007272
Fastcoin;0.001877
Emerald Crypto;0.003332
Mincoin;0.059682
Peercoin;0.1666
Infinitecoin;6e-06
XRP;0.00526
Primecoin;0.846114
CasinoCoin;0.003499
Namecoin;0.69496
Feathercoin;0.14875
Novacoin;5.36
Litecoin;2.82
GoldCoin;0.010828
Terracoin;0.21182
Argentum;0.031059
Bitcoin;121.21
Anoncoin;0.063027
Bullion;0.12872
WorldCoin;0.007513
Ixcoin;0.007087
BitBar;2.74
Phoenixcoin;0.019272
Digitalcoin;0.035145
Megacoin;0.005819
Freicoin;0.007637
Fastcoin;0.001822
Emerald Crypto;0.003574
Mincoin;0.043755
Peercoin;0.166051
Infinitecoin;9e-06
XRP;0.006098
Primecoin;0.872693
CasinoCoin;0.00303
Namecoin;0.681172
Feathercoin;0.138174
Novacoin;5.29
Litecoin;2.78
GoldCoin;0.011076
Terracoin;0.193928
Argentum;0.035149
Bitcoin;123.3
Anoncoin;0.062883
Bullion;0.119594
WorldCoin;0.006172
Ixcoin;0.006851
BitBar;2.79
Phoenixcoin;0.020221
Digitalcoin;0.03243
Megacoin;0.00469
Freicoin;0.008261
Fastcoin;0.002083
Emerald Crypto;0.003083
Mincoin;0.04932
Peercoin;0.165222
Infinitecoin;9e-06
XRP;0.006131
Primecoin;0.87543
CasinoCoin;0.003699
Namecoin;0.625131
Feathercoin;0.129465
Novacoin;4.94
Litecoin;2.7
GoldCoin;0.009764
Terracoin;0.17262
Argentum;0.032077
Bitcoin;121.15
Anoncoin;0.083472
Bullion;0.118861
WorldCoin;0.007267
Ixcoin;0.006185
BitBar;2.42
Phoenixcoin;0.020015
Digitalcoin;0.034169
Megacoin;0.005911
Freicoin;0.007754
Fastcoin;0.002422
Emerald Crypto;0.002362
Mincoin;0.048459
Peercoin;0.158707
Infinitecoin;7e-06
XRP;0.005143
Primecoin;0.848171
CasinoCoin;0.003511
Namecoin;0.606961
Feathercoin;0.132053
Novacoin;4.73
Litecoin;2.75
GoldCoin;0.007033
Terracoin;0.176879
Argentum;0.032709
Bitcoin;118.5
Anoncoin;0.085321
Bullion;0.125021
WorldCoin;0.006523
Ixcoin;0.006666
BitBar;2.37
Phoenixcoin;0.019685
Digitalcoin;0.033308
Megacoin;0.006106
Freicoin;0.007466
Fastcoin;0.00212
Emerald Crypto;0.002365
Mincoin;0.044084
Peercoin;0.168271
Infinitecoin;4e-06
XRP;0.005139
Primecoin;0.805807
CasinoCoin;0.002923
Namecoin;0.61265
Feathercoin;0.132721
Novacoin;4.75
Litecoin;2.72
GoldCoin;0.00559
Terracoin;0.176567
Argentum;0.031996
Bitcoin;120.04
Anoncoin;0.095796
Bullion;0.13445
WorldCoin;0.006062
Ixcoin;0.006319
BitBar;2.88
Phoenixcoin;0.019944
Digitalcoin;0.033875
Megacoin;0.007083
Freicoin;0.008454
Fastcoin;0.002401
Emerald Crypto;0.002401
Mincoin;0.043217
Peercoin;0.168063
Infinitecoin;6e-06
XRP;0.005546
Primecoin;0.77189
CasinoCoin;0.003001
Namecoin;0.617032
Feathercoin;0.13205
Novacoin;4.72
Litecoin;2.69
GoldCoin;0.00647
Terracoin;0.175266
Argentum;0.031332
Bitcoin;122.11
Anoncoin;0.171566
Bullion;0.15264
Quark;0.000383
WorldCoin;0.00659
Ixcoin;0.006229
BitBar;2.44
Phoenixcoin;0.019329
Digitalcoin;0.032971
Megacoin;0.006104
Freicoin;0.008471
Fastcoin;0.00276
Emerald Crypto;0.002044
Mincoin;0.04396
Peercoin;0.17584
Infinitecoin;6e-06
XRP;0.006104
Primecoin;0.737795
CasinoCoin;0.003023
Namecoin;0.614218
Feathercoin;0.130659
Novacoin;4.64
Litecoin;2.59
GoldCoin;0.006534
Terracoin;0.172177
Argentum;0.031872
Bitcoin;120.06
Anoncoin;0.168078
Bullion;0.144247
Quark;0.000335
WorldCoin;0.004805
Ixcoin;0.006419
BitBar;2.4
Phoenixcoin;0.018379
Digitalcoin;0.031214
Megacoin;0.006367
Freicoin;0.008223
Fastcoin;0.002454
Emerald Crypto;0.002042
Mincoin;0.03746
Peercoin;0.169278
Infinitecoin;7e-06
XRP;0.006417
Primecoin;0.748549
CasinoCoin;0.00315
Namecoin;0.600278
Feathercoin;0.133262
Novacoin;4.22
Litecoin;2.57
GoldCoin;0.008313
Terracoin;0.171679
Argentum;0.028825
Bitcoin;126.5
Anoncoin;0.18216
Bullion;0.125375
Quark;0.000318
WorldCoin;0.00393
Ixcoin;0.006457
BitBar;2.53
Phoenixcoin;0.021505
Digitalcoin;0.032884
Megacoin;0.005202
Freicoin;0.008727
Fastcoin;0.002171
Emerald Crypto;0.001699
Mincoin;0.044275
Peercoin;0.17204
Infinitecoin;7e-06
XRP;0.006452
Primecoin;0.776554
CasinoCoin;0.00377
Namecoin;0.588225
Feathercoin;0.13662
Novacoin;4.02
Litecoin;2.57
GoldCoin;0.006957
Terracoin;0.17457
Argentum;0.029097
Bitcoin;122.62
Anoncoin;0.313355
Bullion;0.137458
Quark;0.000311
WorldCoin;0.004672
Ixcoin;0.006812
BitBar;1.47
Phoenixcoin;0.015766
Digitalcoin;0.029677
Megacoin;0.005546
Freicoin;0.007482
Fastcoin;0.002256
Emerald Crypto;0.001551
Mincoin;0.042917
Peercoin;0.169216
Infinitecoin;7e-06
XRP;0.006246
Primecoin;0.651115
CasinoCoin;0.003005
Namecoin;0.573862
Feathercoin;0.142239
Novacoin;3.79
Litecoin;2.52
GoldCoin;0.007173
Terracoin;0.171668
Argentum;0.033311
Bitcoin;122.39
Anoncoin;0.177465
Bullion;0.146858
Quark;0.000308
WorldCoin;0.004897
Ixcoin;0.0072
BitBar;1.53
Phoenixcoin;0.011079
Digitalcoin;0.027538
Megacoin;0.00514
Freicoin;0.007468
Fastcoin;0.002147
Emerald Crypto;0.001346
Mincoin;0.041616
Peercoin;0.167674
Infinitecoin;6e-06
XRP;0.005763
Primecoin;0.578905
CasinoCoin;0.002081
Namecoin;0.574009
Feathercoin;0.148092
Novacoin;3.7
Litecoin;2.55
GoldCoin;0.00664
Terracoin;0.176242
Argentum;0.027538
Bitcoin;133.49
Anoncoin;0.148322
Bullion;0.166983
Quark;0.000346
WorldCoin;0.004994
Ixcoin;0.007417
BitBar;1.67
Phoenixcoin;0.008364
Digitalcoin;0.023362
Megacoin;0.005514
Freicoin;0.008156
Fastcoin;0.002176
Emerald Crypto;0.001001
Mincoin;0.093443
Peercoin;0.174872
Infinitecoin;6e-06
XRP;0.00593
Primecoin;0.547309
CasinoCoin;0.002006
Namecoin;0.591361
Feathercoin;0.160188
Novacoin;4.02
Litecoin;2.66
GoldCoin;0.004675
Terracoin;0.184216
Argentum;0.024032
Bitcoin;135.35
Anoncoin;0.389808
Bullion;0.1652
Quark;0.000311
WorldCoin;0.005008
Ixcoin;0.006911
BitBar;1.69
Phoenixcoin;0.005972
Digitalcoin;0.020979
Megacoin;0.005928
Freicoin;0.00827
Fastcoin;0.001475
Emerald Crypto;0.001353
Mincoin;0.069028
Peercoin;0.180814
Infinitecoin;5e-06
XRP;0.005632
Primecoin;0.575707
CasinoCoin;0.002233
Namecoin;0.586065
Feathercoin;0.151592
Novacoin;3.86
Litecoin;2.58
GoldCoin;0.005414
Terracoin;0.182516
Argentum;0.014909
Bitcoin;138.34
Anoncoin;0.399526
Bullion;0.186763
Quark;0.00026
WorldCoin;0.00429
Ixcoin;0.007457
BitBar;1.41
Phoenixcoin;0.007263
Digitalcoin;0.020754
Megacoin;0.006087
Freicoin;0.008453
Fastcoin;0.001245
Emerald Crypto;0.000706
Mincoin;0.070706
Peercoin;0.178459
Infinitecoin;5e-06
XRP;0.005787
Primecoin;0.622527
CasinoCoin;0.001554
Namecoin;0.568577
Feathercoin;0.150791
Novacoin;4.07
Litecoin;2.58
GoldCoin;0.005121
Terracoin;0.182609
Argentum;0.015219
Bitcoin;135.85
Anoncoin;0.392335
Bullion;0.20269
Quark;0.000251
WorldCoin;0.004469
Ixcoin;0.007265
BitBar;1.39
Phoenixcoin;0.006801
Digitalcoin;0.02064
Megacoin;0.005952
Freicoin;0.008288
Fastcoin;0.001413
Emerald Crypto;0.000856
Mincoin;0.088167
Peercoin;0.175247
Infinitecoin;3e-06
XRP;0.005528
Primecoin;0.520306
CasinoCoin;0.002395
Namecoin;0.559702
Feathercoin;0.150793
Novacoin;3.95
Litecoin;2.56
GoldCoin;0.004889
Terracoin;0.183398
Argentum;0.01509
Bitcoin;136.77
Anoncoin;0.394992
Bullion;0.262601
Quark;0.000264
WorldCoin;0.004446
Ixcoin;0.007797
BitBar;0.690688
Phoenixcoin;0.006839
Digitalcoin;0.02079
Megacoin;0.006032
Freicoin;0.008753
Fastcoin;0.002128
Emerald Crypto;0.001013
Mincoin;0.076619
Peercoin;0.184639
Infinitecoin;3e-06
XRP;0.00567
Primecoin;0.500578
CasinoCoin;0.001532
Namecoin;0.568963
Feathercoin;0.149079
Novacoin;3.94
Litecoin;2.6
GoldCoin;0.004121
Terracoin;0.186007
Argentum;0.015045
Bitcoin;126.74
Anoncoin;0.341945
Bullion;0.266165
Quark;0.000274
WorldCoin;0.004175
Ixcoin;0.008119
BitBar;1.01
Phoenixcoin;0.005196
Digitalcoin;0.02409
Megacoin;0.005333
Freicoin;0.007732
Fastcoin;0.002262
Emerald Crypto;0.001139
Mincoin;0.069707
Peercoin;0.181238
Infinitecoin;3e-06
XRP;0.005695
Primecoin;0.543716
CasinoCoin;0.001774
Namecoin;0.574132
Feathercoin;0.141949
Novacoin;3.8
Litecoin;2.81
GoldCoin;0.003295
Terracoin;0.169832
Argentum;0.025348
Bitcoin;126.43
Anoncoin;0.113508
Bullion;0.228838
Quark;0.000286
WorldCoin;0.004362
Ixcoin;0.008093
BitBar;1.07
Phoenixcoin;0.005529
Digitalcoin;0.022381
Megacoin;0.005564
Freicoin;0.007112
Fastcoin;0.001719
Emerald Crypto;0.001191
Mincoin;0.064479
Peercoin;0.185515
Infinitecoin;3e-06
XRP;0.005715
Primecoin;0.584749
CasinoCoin;0.001554
Namecoin;0.590428
Feathercoin;0.146659
Novacoin;3.78
Litecoin;2.75
GoldCoin;0.003415
Terracoin;0.177689
Argentum;0.019602
Bitcoin;119.15
Anoncoin;0.102231
Bullion;0.246881
Quark;0.00027
WorldCoin;0.003813
Ixcoin;0.007804
BitBar;1.2
Phoenixcoin;0.005807
Digitalcoin;0.020251
Megacoin;0.005282
Freicoin;0.006756
Fastcoin;0.001626
Emerald Crypto;0.002196
Mincoin;0.053976
Peercoin;0.183373
Infinitecoin;3e-06
XRP;0.005866
Primecoin;0.553451
CasinoCoin;0.001614
Namecoin;0.57192
Feathercoin;0.133448
Novacoin;3.64
Litecoin;2.69
GoldCoin;0.003551
Terracoin;0.16407
Argentum;0.017342
Bitcoin;124.15
Anoncoin;0.136602
Bullion;0.300567
Quark;0.000282
WorldCoin;0.004435
Ixcoin;0.006828
BitBar;0.94354
Phoenixcoin;0.006952
Digitalcoin;0.021108
Megacoin;0.006208
Freicoin;0.006952
Fastcoin;0.001697
Emerald Crypto;0.001688
Mincoin;0.056252
Peercoin;0.194916
Infinitecoin;3e-06
XRP;0.006173
Primecoin;0.515349
CasinoCoin;0.001748
Namecoin;0.583505
Feathercoin;0.137807
Novacoin;3.71
Litecoin;2.71
GoldCoin;0.004159
Terracoin;0.168844
Argentum;0.018082
Bitcoin;121.66
Anoncoin;0.162213
Bullion;0.340648
Quark;0.000268
WorldCoin;0.004449
Ixcoin;0.006935
BitBar;0.925833
Phoenixcoin;0.005978
Digitalcoin;0.02053
Megacoin;0.005664
Freicoin;0.006691
Fastcoin;0.001814
Emerald Crypto;0.001694
Mincoin;0.054747
Peercoin;0.18614
Infinitecoin;3e-06
XRP;0.006183
Primecoin;0.510971
CasinoCoin;0.001515
Namecoin;0.586401
Feathercoin;0.133826
Novacoin;3.6
Litecoin;2.73
GoldCoin;0.003903
Terracoin;0.163024
Argentum;0.017479
Bitcoin;127.11
Anoncoin;0.17795
Bullion;0.307927
Quark;0.000245
WorldCoin;0.004196
Ixcoin;0.010169
BitBar;1.91
Phoenixcoin;0.006104
Digitalcoin;0.020598
Megacoin;0.007118
Freicoin;0.007118
Fastcoin;0.001691
Emerald Crypto;0.001641
Mincoin;0.057327
Peercoin;0.186852
Infinitecoin;2e-06
XRP;0.00627
Primecoin;0.465247
CasinoCoin;0.001608
Namecoin;0.588519
Feathercoin;0.134737
Novacoin;3.63
Litecoin;2.73
GoldCoin;0.003928
Terracoin;0.162701
Argentum;0.018261
Bitcoin;125.91
Anoncoin;0.16787
Bullion;0.357016
Quark;0.000252
WorldCoin;0.003904
Ixcoin;0.009686
BitBar;1.55
Phoenixcoin;0.00613
Digitalcoin;0.023303
Megacoin;0.006981
Freicoin;0.005099
Fastcoin;0.001644
Emerald Crypto;0.001536
Mincoin;0.053512
Peercoin;0.187606
Infinitecoin;2e-06
XRP;0.005808
Primecoin;0.4548
CasinoCoin;0.001651
Namecoin;0.596813
Feathercoin;0.132206
Novacoin;3.66
Litecoin;2.64
GoldCoin;0.004097
Terracoin;0.162424
Argentum;0.018426
Zetacoin;0.000732
Bitcoin;135.25
Anoncoin;0.209637
Bullion;0.413865
Quark;0.00028
WorldCoin;0.004076
Ixcoin;0.010405
BitBar;1.22
Phoenixcoin;0.006096
Digitalcoin;0.021924
Megacoin;0.008814
Freicoin;0.006439
Fastcoin;0.001572
Emerald Crypto;0.002031
Mincoin;0.0602
Peercoin;0.21099
Infinitecoin;2e-06
XRP;0.006273
Primecoin;0.409943
CasinoCoin;0.00166
Namecoin;0.631617
Feathercoin;0.136603
Novacoin;3.83
Litecoin;2.72
GoldCoin;0.004374
Terracoin;0.171768
Argentum;0.019625
Zetacoin;0.000692
Bitcoin;133.13
Anoncoin;0.185052
Bullion;0.399391
Quark;0.000226
WorldCoin;0.002932
Ixcoin;0.008321
BitBar;1.29
Phoenixcoin;0.005726
Digitalcoin;0.020045
Megacoin;0.00858
Freicoin;0.006051
Fastcoin;0.001346
Emerald Crypto;0.002296
Mincoin;0.056582
Peercoin;0.20502
Infinitecoin;2e-06
XRP;0.006349
Primecoin;0.401014
CasinoCoin;0.001624
Namecoin;0.612398
Feathercoin;0.130467
Novacoin;3.65
Litecoin;2.7
GoldCoin;0.004661
Terracoin;0.1744
Argentum;0.012717
Zetacoin;0.000715
Bitcoin;134.98
Anoncoin;0.185058
Bullion;0.391314
Quark;0.000239
WorldCoin;0.003914
Ixcoin;0.008446
BitBar;1.55
Phoenixcoin;0.005411
Digitalcoin;0.018359
Megacoin;0.008969
Freicoin;0.006047
Fastcoin;0.001366
Emerald Crypto;0.001959
Mincoin;0.06479
Peercoin;0.20382
Infinitecoin;2e-06
XRP;0.006513
Primecoin;0.331106
CasinoCoin;0.001637
Namecoin;0.615509
Feathercoin;0.13228
Novacoin;3.67
Litecoin;2.67
GoldCoin;0.005804
Terracoin;0.180873
Argentum;0.012824
Zetacoin;0.000678
Bitcoin;129.22
Anoncoin;0.23518
Bullion;0.342433
Quark;0.000212
WorldCoin;0.004264
Ixcoin;0.008912
BitBar;1.49
Phoenixcoin;0.005174
Digitalcoin;0.017729
Megacoin;0.008289
Freicoin;0.005169
Fastcoin;0.001177
Emerald Crypto;0.001327
Mincoin;0.056857
Peercoin;0.19383
Infinitecoin;2e-06
XRP;0.00634
Primecoin;0.31646
CasinoCoin;0.001305
Namecoin;0.587951
Feathercoin;0.130512
Novacoin;3.53
Litecoin;2.54
GoldCoin;0.004782
Terracoin;0.183492
Argentum;0.012279
Zetacoin;0.000631
Bitcoin;130.37
Anoncoin;0.286805
Bullion;0.324105
Quark;0.000198
WorldCoin;0.00455
Ixcoin;0.00777
BitBar;1.54
Phoenixcoin;0.004701
Digitalcoin;0.017479
Megacoin;0.007821
Freicoin;0.004693
Fastcoin;0.001185
Emerald Crypto;0.001507
Mincoin;0.059188
Peercoin;0.194251
Infinitecoin;2e-06
XRP;0.006472
Primecoin;0.345481
CasinoCoin;0.001369
Namecoin;0.593184
Feathercoin;0.131674
Novacoin;3.57
Litecoin;2.64
GoldCoin;0.005163
Terracoin;0.178607
Argentum;0.009975
Zetacoin;0.000561
Bitcoin;131.72
Anoncoin;0.252775
Bullion;0.33391
Quark;0.000196
WorldCoin;0.00423
Ixcoin;0.008233
BitBar;1.55
Phoenixcoin;0.00475
Digitalcoin;0.018195
Megacoin;0.008634
Freicoin;0.004742
Fastcoin;0.0012
Emerald Crypto;0.001189
Mincoin;0.055164
Peercoin;0.193628
Infinitecoin;2e-06
XRP;0.007056
Primecoin;0.353006
CasinoCoin;0.001416
Namecoin;0.575616
Feathercoin;0.130403
Novacoin;3.59
Litecoin;2.63
GoldCoin;0.004731
Terracoin;0.168602
Argentum;0.010119
Zetacoin;5e-04
Bitcoin;131.66
Anoncoin;0.263453
Bullion;0.355482
Quark;0.000192
WorldCoin;0.004233
Ixcoin;0.008466
BitBar;1.56
Phoenixcoin;0.004753
Digitalcoin;0.018834
Megacoin;0.0079
Freicoin;0.00474
Fastcoin;0.001224
Emerald Crypto;0.001223
Mincoin;0.052663
Peercoin;0.19749
Infinitecoin;2e-06
XRP;0.009613
Primecoin;0.3331
CasinoCoin;0.000966
Namecoin;0.576671
Feathercoin;0.122444
Novacoin;3.5
Litecoin;2.6
GoldCoin;0.00501
Terracoin;0.167208
Argentum;0.010401
Zetacoin;0.000557
Bitcoin;131.47
Anoncoin;0.323418
Bullion;0.333938
Quark;0.000199
WorldCoin;0.004076
Ixcoin;0.008943
BitBar;1.55
Phoenixcoin;0.002725
Digitalcoin;0.018683
Megacoin;0.007967
Freicoin;0.004734
Fastcoin;0.001188
Emerald Crypto;0.001157
Mincoin;0.050628
Peercoin;0.193084
Infinitecoin;2e-06
XRP;0.010782
Primecoin;0.330659
CasinoCoin;0.001035
Namecoin;0.562692
Feathercoin;0.119638
Novacoin;3.48
Litecoin;2.56
GoldCoin;0.004807
Terracoin;0.160393
Argentum;0.010124
Zetacoin;0.000574
Bitcoin;129.65
Anoncoin;0.363019
Bullion;0.377281
Quark;0.000185
WorldCoin;0.003888
Ixcoin;0.009603
BitBar;1.53
Phoenixcoin;0.002606
Digitalcoin;0.021535
Megacoin;0.008429
Freicoin;0.004669
Fastcoin;0.001189
Emerald Crypto;0.001116
Mincoin;0.058861
Peercoin;0.197068
Infinitecoin;2e-06
XRP;0.010958
Primecoin;0.33513
CasinoCoin;0.001038
Namecoin;0.567867
Feathercoin;0.121871
Novacoin;3.42
Litecoin;2.62
GoldCoin;0.00418
Terracoin;0.164656
Argentum;0.010272
Zetacoin;0.000586
Bitcoin;127.04
Anoncoin;0.41288
Bullion;0.380231
Quark;0.00021
WorldCoin;0.003646
Ixcoin;0.012577
BitBar;1.5
Phoenixcoin;0.002683
Digitalcoin;0.02109
Megacoin;0.008893
Freicoin;0.004575
Fastcoin;0.001151
Emerald Crypto;0.001067
Mincoin;0.050825
Peercoin;0.186749
Infinitecoin;2e-06
XRP;0.010113
Primecoin;0.322551
CasinoCoin;0.00103
Namecoin;0.562787
Feathercoin;0.118147
Novacoin;3.36
Litecoin;2.48
GoldCoin;0.004286
Terracoin;0.161341
Argentum;0.008959
Zetacoin;0.000589
Bitcoin;127.43
Anoncoin;0.318575
Bullion;0.362029
Quark;0.000209
WorldCoin;0.002931
Ixcoin;0.012254
BitBar;1.5
Phoenixcoin;0.002238
Digitalcoin;0.019497
Megacoin;0.009729
Freicoin;0.004429
Fastcoin;0.001152
Emerald Crypto;0.001028
Mincoin;0.050971
Peercoin;0.188596
Infinitecoin;2e-06
XRP;0.0097
Primecoin;0.313478
CasinoCoin;0.001082
Namecoin;0.568338
Feathercoin;0.115961
Novacoin;4.12
Litecoin;2.51
GoldCoin;0.00413
Terracoin;0.160562
Argentum;0.009715
Zetacoin;0.000559
Bitcoin;129.12
Anoncoin;0.400273
Bullion;0.330547
Quark;0.00022
WorldCoin;0.002985
Ixcoin;0.010944
BitBar;1.53
Phoenixcoin;0.002298
Digitalcoin;0.020017
Megacoin;0.011239
Freicoin;0.004488
Fastcoin;0.001171
Emerald Crypto;0.001042
Mincoin;0.055522
Peercoin;0.19368
Infinitecoin;2e-06
XRP;0.010406
Primecoin;0.303432
CasinoCoin;0.001068
Namecoin;0.568128
Feathercoin;0.117499
Novacoin;4.65
Litecoin;2.53
GoldCoin;0.003809
Terracoin;0.170438
Argentum;0.009502
Zetacoin;0.000555
Bitcoin;125.95
Anoncoin;0.327596
Bullion;0.32684
Quark;0.000238
WorldCoin;0.002584
Ixcoin;0.01145
BitBar;1.49
Phoenixcoin;0.001943
Digitalcoin;0.020003
Megacoin;0.012406
Freicoin;0.004382
Fastcoin;0.001095
Emerald Crypto;0.00093
Mincoin;0.051641
Peercoin;0.186406
Infinitecoin;2e-06
XRP;0.010008
Primecoin;0.251938
CasinoCoin;0.000748
Namecoin;0.550402
Feathercoin;0.109577
Novacoin;4.01
Litecoin;2.47
GoldCoin;0.003719
Terracoin;0.163735
Argentum;0.00957
Zetacoin;0.000638
Bitcoin;127.25
Anoncoin;0.316837
Bullion;0.300325
Quark;0.000238
WorldCoin;0.003423
Ixcoin;0.012476
BitBar;1.4
Phoenixcoin;0.001798
Digitalcoin;0.018133
Megacoin;0.012384
Freicoin;0.004426
Fastcoin;0.001181
Emerald Crypto;0.000827
Mincoin;0.095437
Peercoin;0.192147
Infinitecoin;2e-06
XRP;0.010448
Primecoin;0.254883
CasinoCoin;0.000783
Namecoin;0.558627
Feathercoin;0.113252
Novacoin;3.91
Litecoin;2.47
GoldCoin;0.003913
Terracoin;0.16288
Argentum;0.009163
Zetacoin;0.000564
Bitcoin;128.22
Anoncoin;0.269572
Bullion;0.32696
Quark;0.000249
WorldCoin;0.003312
Ixcoin;0.011449
BitBar;1.41
Phoenixcoin;0.001873
Digitalcoin;0.017199
Megacoin;0.012823
Freicoin;0.004459
Fastcoin;0.001144
Emerald Crypto;0.000791
Mincoin;0.099883
Peercoin;0.196177
Infinitecoin;2e-06
XRP;0.010433
Primecoin;0.247465
CasinoCoin;0.000769
Namecoin;0.543653
Feathercoin;0.112834
Novacoin;3.85
Litecoin;2.37
GoldCoin;0.00358
Terracoin;0.164122
Argentum;0.009236
Zetacoin;0.000565
Bitcoin;128.38
Anoncoin;0.315149
Bullion;0.296558
Quark;0.000281
WorldCoin;0.005392
Ixcoin;0.011671
BitBar;1.41
Phoenixcoin;0.001887
Digitalcoin;0.017759
Megacoin;0.012815
Freicoin;0.003229
Fastcoin;0.001317
Emerald Crypto;0.001158
Mincoin;0.178449
Peercoin;0.211827
XRP;0.011713
Primecoin;0.284871
CasinoCoin;0.001035
Namecoin;0.544331
Feathercoin;0.110407
Novacoin;3.82
Litecoin;2.39
GoldCoin;0.0036
Terracoin;0.16561
Argentum;0.00925
Zetacoin;0.000586
Bitcoin;133.78
Anoncoin;0.316476
Bullion;0.307655
Quark;0.000272
WorldCoin;0.004284
Ixcoin;0.01085
BitBar;1.47
Phoenixcoin;0.001897
Digitalcoin;0.018756
Megacoin;0.017821
Freicoin;0.004
Fastcoin;0.001375
Emerald Crypto;0.001189
Mincoin;0.115238
Peercoin;0.227426
XRP;0.014566
Primecoin;0.34515
CasinoCoin;0.00108
Namecoin;0.564552
Feathercoin;0.115051
Novacoin;3.9
Litecoin;2.4
GoldCoin;0.003714
Terracoin;0.171238
Argentum;0.010751
Zetacoin;0.000592
Bitcoin;134.78
Bullion;0.332907
Quark;0.000267
WorldCoin;0.004825
Ixcoin;0.020217
BitBar;1.6
Phoenixcoin;0.001906
Digitalcoin;0.019147
Freicoin;0.004043
Fastcoin;0.001317
Mincoin;0.135052
SecureCoin;0.054384
Peercoin;0.261473
XRP;0.013835
Primecoin;0.37536
Namecoin;0.510816
Feathercoin;0.109172
Novacoin;3.88
Litecoin;2.25
GoldCoin;0.004587
Terracoin;0.172518
Argentum;0.01833
Zetacoin;0.00058
Bitcoin;137.34
Bullion;0.315882
Quark;0.000273
WorldCoin;0.005494
Ixcoin;0.011193
BitBar;2.06
Phoenixcoin;0.001943
Digitalcoin;0.016876
Freicoin;0.00412
Fastcoin;0.001301
Mincoin;0.148325
SecureCoin;0.091331
Peercoin;0.265066
XRP;0.012868
Primecoin;0.360618
Namecoin;0.513652
Feathercoin;0.115366
Novacoin;4.02
Litecoin;2.3
GoldCoin;0.004124
Terracoin;0.175795
Argentum;0.020622
Zetacoin;0.000568
Bitcoin;133
Bullion;0.305919
Quark;0.000247
WorldCoin;0.005732
Ixcoin;0.010964
BitBar;1.33
Phoenixcoin;0.001881
Digitalcoin;0.015147
Freicoin;0.003459
Fastcoin;0.001236
Mincoin;0.15694
SecureCoin;0.063912
Peercoin;0.28063
Infinitecoin;2e-06
XRP;0.010932
Primecoin;0.357625
Namecoin;0.54131
Feathercoin;0.1197
Novacoin;3.97
Litecoin;2.35
GoldCoin;0.003725
Terracoin;0.1729
Argentum;0.013656
Zetacoin;0.000545
Bitcoin;132.18
Bullion;0.330426
Quark;0.00023
WorldCoin;0.005895
BitBar;1.2
Phoenixcoin;0.002115
Digitalcoin;0.016763
Freicoin;0.003438
Fastcoin;0.001184
Mincoin;0.159911
SecureCoin;0.071212
Peercoin;0.273613
Infinitecoin;2e-06
XRP;0.010529
Primecoin;0.343668
Namecoin;0.549869
Feathercoin;0.11764
Novacoin;3.84
Litecoin;2.42
GoldCoin;0.003853
Terracoin;0.173156
Argentum;0.014607
Zetacoin;0.000452
Bitcoin;114.13
Bullion;0.283044
Quark;0.000195
WorldCoin;0.005478
Ixcoin;0.014631
BitBar;1.14
Phoenixcoin;0.001597
Digitalcoin;0.014788
Freicoin;0.002997
Fastcoin;0.001003
Mincoin;0.128567
SecureCoin;0.052836
Peercoin;0.284184
Infinitecoin;1e-06
XRP;0.007862
Primecoin;0.293314
Namecoin;0.472498
Feathercoin;0.100434
Novacoin;3.45
Litecoin;1.97
GoldCoin;0.003307
Terracoin;0.146086
Argentum;0.014302
Zetacoin;0.000519
Bitcoin;123.63
Anoncoin;0.28644
Bullion;0.290654
Quark;0.000208
WorldCoin;0.006183
Ixcoin;0.011128
BitBar;1.3
Phoenixcoin;0.00157
Digitalcoin;0.015455
Megacoin;0.016085
Freicoin;0.003337
Fastcoin;0.001089
Emerald Crypto;0.000927
Mincoin;0.136364
SecureCoin;0.069369
Peercoin;0.294239
Infinitecoin;2e-06
XRP;0.009112
Primecoin;0.301907
Namecoin;0.493284
Feathercoin;0.107558
Novacoin;3.91
Litecoin;2.17
GoldCoin;0.003331
Terracoin;0.153301
Argentum;0.01428
Zetacoin;0.000579
Bitcoin;129.01
Anoncoin;0.270915
Bullion;0.309526
Quark;0.000222
WorldCoin;0.00671
Ixcoin;0.013872
BitBar;1.43
Phoenixcoin;0.001744
Digitalcoin;0.016133
Megacoin;0.014359
Freicoin;0.00387
Fastcoin;0.001063
Emerald Crypto;0.00085
Mincoin;0.144878
SecureCoin;0.11611
Peercoin;0.439924
Infinitecoin;3e-06
XRP;0.009873
Primecoin;0.305754
Namecoin;0.530231
Feathercoin;0.110949
Novacoin;4.01
Litecoin;2.2
GoldCoin;0.003392
Terracoin;0.166423
Argentum;0.032253
Zetacoin;0.000567
Bitcoin;128.55
Anoncoin;0.266154
Bullion;0.303419
Quark;0.000217
WorldCoin;0.006942
Ixcoin;0.014128
BitBar;1.4
Phoenixcoin;0.001795
Digitalcoin;0.015939
Megacoin;0.012846
Freicoin;0.003472
Fastcoin;0.001046
Emerald Crypto;0.000911
Mincoin;0.138963
SecureCoin;0.131762
Peercoin;0.496203
Infinitecoin;2e-06
XRP;0.009488
Primecoin;0.338086
Namecoin;0.557907
Feathercoin;0.114409
Novacoin;4.02
Litecoin;2.15
GoldCoin;0.003209
Terracoin;0.165829
Argentum;0.023814
Zetacoin;0.000516
Bitcoin;129
Anoncoin;0.258533
Bullion;0.336347
Quark;0.000201
WorldCoin;0.008332
Ixcoin;0.013926
BitBar;1.2
Phoenixcoin;0.001767
Digitalcoin;0.017554
Megacoin;0.011787
Freicoin;0.003999
Fastcoin;0.001111
Emerald Crypto;0.000751
Mincoin;0.13545
SecureCoin;0.119338
Peercoin;0.4644
Infinitecoin;2e-06
XRP;0.009819
Primecoin;0.3354
Namecoin;0.5676
Feathercoin;0.11868
Novacoin;4.18
Litecoin;2.17
GoldCoin;0.002971
Terracoin;0.16641
Argentum;0.024154
Zetacoin;0.000508
Bitcoin;126.94
Anoncoin;0.276734
Bullion;0.332584
Quark;0.000192
WorldCoin;0.020399
Ixcoin;0.017708
BitBar;1.89
Phoenixcoin;0.001723
Digitalcoin;0.016901
Megacoin;0.011488
Freicoin;0.003859
Fastcoin;0.001139
Emerald Crypto;0.00083
Mincoin;0.147249
SecureCoin;0.081449
Peercoin;0.403669
Infinitecoin;2e-06
XRP;0.00924
Primecoin;0.388565
Namecoin;0.57123
Feathercoin;0.114246
Novacoin;4.18
Litecoin;2.1
GoldCoin;0.002802
Terracoin;0.16883
Argentum;0.022206
Zetacoin;0.00042
Bitcoin;126
Anoncoin;0.3087
Bullion;0.332661
Quark;0.000184
WorldCoin;0.018887
Ixcoin;0.017513
BitBar;1.39
Phoenixcoin;0.001619
Digitalcoin;0.017667
Megacoin;0.011762
Freicoin;0.005287
Fastcoin;0.001268
Emerald Crypto;0.000888
Mincoin;0.16254
SecureCoin;0.081901
Peercoin;0.4032
Infinitecoin;2e-06
XRP;0.009451
Primecoin;0.49014
Namecoin;0.55188
Feathercoin;0.10836
Novacoin;4.34
Litecoin;1.98
GoldCoin;0.002851
Terracoin;0.16506
Argentum;0.018451
Zetacoin;0.000493
Bitcoin;130.69
Anoncoin;0.346328
Bullion;0.359394
Quark;0.00018
WorldCoin;0.020518
Ixcoin;0.007099
BitBar;1.75
Phoenixcoin;0.001621
Digitalcoin;0.02091
Megacoin;0.013937
Freicoin;0.00467
Fastcoin;0.001227
Emerald Crypto;0.000917
Mincoin;0.167283
SecureCoin;0.065301
Peercoin;0.389456
Infinitecoin;2e-06
XRP;0.009663
Primecoin;0.509691
Namecoin;0.565888
Feathercoin;0.108473
Novacoin;4.32
Litecoin;1.92
GoldCoin;0.002741
Terracoin;0.172511
Argentum;0.019351
Zetacoin;0.000456
Bitcoin;130.59
Anoncoin;0.288869
Bullion;0.469158
Quark;0.000197
WorldCoin;0.02117
Ixcoin;0.007966
BitBar;1.76
Phoenixcoin;0.00148
Digitalcoin;0.019589
Megacoin;0.013861
Freicoin;0.004701
Fastcoin;0.001216
Emerald Crypto;0.001029
Mincoin;0.234801
SecureCoin;0.063998
Peercoin;0.390464
Infinitecoin;2e-06
XRP;0.009861
Primecoin;0.509297
Namecoin;0.557619
Feathercoin;0.104472
Novacoin;4.27
Litecoin;2.03
GoldCoin;0.002386
Terracoin;0.164543
Argentum;0.023783
Zetacoin;0.000454
Bitcoin;130.9
Anoncoin;0.299202
Quark;0.000182
WorldCoin;0.021189
Ixcoin;0.012493
BitBar;1.76
Phoenixcoin;0.001615
Digitalcoin;0.019566
Megacoin;0.014029
Freicoin;0.004849
Fastcoin;0.001234
Emerald Crypto;0.000774
Mincoin;0.205552
SecureCoin;0.062846
Peercoin;0.395318
Infinitecoin;2e-06
XRP;0.00897
Primecoin;0.458806
Namecoin;0.595595
Feathercoin;0.103411
Novacoin;4.22
Litecoin;2.07
GoldCoin;0.002494
Terracoin;0.163625
Argentum;0.021669
Zetacoin;0.00045
Bitcoin;135.19
Anoncoin;0.297418
Quark;0.000188
WorldCoin;0.02163
Ixcoin;0.01554
BitBar;1.82
Phoenixcoin;0.001947
Digitalcoin;0.019197
Megacoin;0.013522
Freicoin;0.005877
Fastcoin;0.00121
Emerald Crypto;0.000855
Mincoin;0.243612
SecureCoin;0.064102
Peercoin;0.40557
Infinitecoin;2e-06
XRP;0.009382
Primecoin;0.688117
Namecoin;0.613763
Feathercoin;0.104096
Novacoin;4.29
Litecoin;2.12
GoldCoin;0.002794
Terracoin;0.167636
Argentum;0.020487
Zetacoin;0.000435
Bitcoin;138.13
Anoncoin;0.331512
Bullion;0.407483
Quark;0.000156
WorldCoin;0.0198
Ixcoin;0.015787
BitBar;1.53
Phoenixcoin;0.001949
Digitalcoin;0.019788
Megacoin;0.01191
Freicoin;0.007597
Fastcoin;0.001106
Emerald Crypto;0.000981
Mincoin;0.331084
SecureCoin;0.064305
Peercoin;0.407483
Infinitecoin;2e-06
XRP;0.008412
Primecoin;0.925471
Namecoin;0.609153
Feathercoin;0.099454
Novacoin;4.33
Litecoin;2.13
GoldCoin;0.002832
Terracoin;0.164375
Argentum;0.02141
Zetacoin;0.000436
Bitcoin;140.52
Anoncoin;0.351301
Bullion;0.468142
Quark;0.000146
WorldCoin;0.018549
Ixcoin;0.016143
BitBar;1.55
Phoenixcoin;0.001915
Digitalcoin;0.019813
Megacoin;0.011242
Freicoin;0.007379
Fastcoin;0.001128
Emerald Crypto;0.000956
Mincoin;0.358846
SecureCoin;0.058045
Peercoin;0.355516
Infinitecoin;2e-06
XRP;0.008489
Primecoin;0.890895
Namecoin;0.577537
Feathercoin;0.099769
Novacoin;4.23
Litecoin;2.05
GoldCoin;0.002909
Terracoin;0.158788
Argentum;0.022063
Zetacoin;0.000417
Bitcoin;145.24
Anoncoin;0.362407
Bullion;0.444434
Quark;0.000161
WorldCoin;0.018691
Ixcoin;0.014524
BitBar;1.6
Phoenixcoin;0.001978
Digitalcoin;0.017546
Megacoin;0.011911
Freicoin;0.007988
Fastcoin;0.001175
Emerald Crypto;0.000879
Mincoin;0.363099
SecureCoin;0.0525
Peercoin;0.299194
Infinitecoin;2e-06
XRP;0.008051
Primecoin;0.722569
Namecoin;0.480744
Feathercoin;0.085692
Novacoin;4.03
Litecoin;1.96
GoldCoin;0.00321
Terracoin;0.136526
Argentum;0.023055
Zetacoin;0.000322
Bitcoin;142.55
Anoncoin;0.313622
Bullion;0.41482
Quark;0.00014
WorldCoin;0.015682
Ixcoin;0.01677
BitBar;1.78
Phoenixcoin;0.001619
Digitalcoin;0.016392
Megacoin;0.01247
Freicoin;0.005317
Fastcoin;0.001063
Emerald Crypto;0.000774
Mincoin;0.282249
SecureCoin;0.052062
Peercoin;0.307908
XRP;0.007305
Primecoin;0.662857
Namecoin;0.477542
Feathercoin;0.08553
Novacoin;3.99
Litecoin;1.92
GoldCoin;0.003145
Terracoin;0.126869
Argentum;0.024128
Zetacoin;3e-04
Bitcoin;146.25
Bullion;0.423465
Quark;0.000152
WorldCoin;0.016234
Ixcoin;0.013294
BitBar;1.5
Phoenixcoin;0.00172
Digitalcoin;0.016294
Megacoin;0.012626
Freicoin;0.006093
Fastcoin;0.001331
Emerald Crypto;0.000777
Mincoin;0.292675
SecureCoin;0.047037
Peercoin;0.31005
XRP;0.008343
Primecoin;0.744415
Namecoin;0.470925
Feathercoin;0.083362
Novacoin;4.17
Litecoin;1.91
GoldCoin;0.00344
Terracoin;0.12285
Argentum;0.017901
Zetacoin;0.000335
Bitcoin;155.96
Bullion;0.399258
Quark;0.000156
WorldCoin;0.014713
Ixcoin;0.017138
BitBar;1.56
Phoenixcoin;0.001636
Digitalcoin;0.015325
Megacoin;0.013331
Freicoin;0.005576
Fastcoin;0.001078
Emerald Crypto;0.000831
Mincoin;0.265169
SecureCoin;0.047098
Peercoin;0.315039
XRP;0.007942
Primecoin;0.795396
Namecoin;0.477238
Feathercoin;0.081099
Novacoin;4.27
Litecoin;1.9
GoldCoin;0.003793
Terracoin;0.090457
Argentum;0.019233
Zetacoin;0.000355
Bitcoin;172.42
Bullion;0.422426
Quark;0.000166
Ixcoin;0.015673
BitBar;1.55
Phoenixcoin;0.001312
Digitalcoin;0.012607
Megacoin;0.009647
Freicoin;0.006724
Fastcoin;0.000976
Emerald Crypto;0.000752
Mincoin;0.172394
Peercoin;0.310356
XRP;0.007252
Primecoin;0.708648
Namecoin;0.46381
Feathercoin;0.070692
Novacoin;4.6
Litecoin;1.88
GoldCoin;0.004629
Terracoin;0.108625
Argentum;0.012933
Zetacoin;0.000356
Bitcoin;174.61
Bullion;0.414367
Quark;0.000166
WorldCoin;0.018507
Ixcoin;0.010478
BitBar;1.55
Phoenixcoin;0.001322
Digitalcoin;0.011379
Megacoin;0.00963
Freicoin;0.006461
Fastcoin;0.000977
Emerald Crypto;0.000753
Mincoin;0.19403
Peercoin;0.323029
XRP;0.0067
Primecoin;0.724981
Namecoin;0.471447
Feathercoin;0.07159
Novacoin;4.54
Litecoin;1.93
GoldCoin;0.004636
Terracoin;0.115243
Argentum;0.01295
Zetacoin;0.000363
Bitcoin;182.21
Bullion;0.353487
Quark;0.000137
WorldCoin;0.016607
Ixcoin;0.014016
BitBar;1.37
Phoenixcoin;0.001367
Digitalcoin;0.012644
Megacoin;0.010933
Freicoin;0.007288
Fastcoin;0.000731
Emerald Crypto;0.000667
Mincoin;0.11133
Peercoin;0.309757
Infinitecoin;1e-06
XRP;0.006634
Primecoin;0.717481
Namecoin;0.451881
Feathercoin;0.063773
Novacoin;4.24
Litecoin;1.82
GoldCoin;0.003846
Terracoin;0.105682
Argentum;0.015506
Zetacoin;0.000192
Bitcoin;193.76
Bullion;0.310212
Quark;0.000138
WorldCoin;0.01271
Ixcoin;0.015991
BitBar;0.973082
Phoenixcoin;0.001368
Digitalcoin;0.011335
Megacoin;0.010707
Freicoin;0.005873
Fastcoin;0.000651
Emerald Crypto;0.000634
Mincoin;0.10463
Peercoin;0.288702
Infinitecoin;1e-06
XRP;0.006845
Primecoin;0.567717
Namecoin;0.422397
Feathercoin;0.065878
Novacoin;4.13
Litecoin;1.7
GoldCoin;0.003962
Terracoin;0.093005
Argentum;0.017438
Zetacoin;0.000224
Bitcoin;213.62
Anoncoin;0.190233
Bullion;0.256346
Quark;0.000109
Ixcoin;0.012822
BitBar;1.11
Digitalcoin;0.011044
Megacoin;0.010726
Freicoin;0.007049
Fastcoin;0.000854
Emerald Crypto;0.00072
Mincoin;0.121785
Peercoin;0.329188
Infinitecoin;1e-06
XRP;0.007873
Primecoin;0.704944
Namecoin;0.465427
Feathercoin;0.072631
Novacoin;3.83
Litecoin;2.05
GoldCoin;0.004358
Terracoin;0.10681
Argentum;0.005744
Zetacoin;0.000218
Anoncoin;0.226666
Bitcoin;198.23
Bullion;0.267612
Quark;0.000109
WorldCoin;0.015507
Ixcoin;0.012312
BitBar;1.03
Digitalcoin;0.013482
Megacoin;0.011989
Freicoin;0.006542
Fastcoin;0.00107
Emerald Crypto;0.000551
Mincoin;0.152637
Peercoin;0.342938
Infinitecoin;1e-06
XRP;0.008596
Primecoin;0.693809
Namecoin;0.467823
Feathercoin;0.083257
Novacoin;4.11
Litecoin;2.27
GoldCoin;0.003887
Terracoin;0.101097
Argentum;0.011654
Zetacoin;0.000217
Bitcoin;186.69
Anoncoin;0.23943
Bullion;0.272567
Quark;0.000119
WorldCoin;0.013651
Ixcoin;0.01585
BitBar;0.972845
Digitalcoin;0.014188
Megacoin;0.01304
Freicoin;0.004481
Fastcoin;0.001413
Emerald Crypto;0.000562
Mincoin;0.140017
Peercoin;0.339776
Infinitecoin;1e-06
XRP;0.00686
Primecoin;0.744449
Namecoin;0.444322
Feathercoin;0.080277
Novacoin;4.04
Litecoin;2.18
GoldCoin;0.003411
Terracoin;0.110147
Argentum;0.013068
Zetacoin;0.000204
Bitcoin;177.32
Anoncoin;0.239478
Bullion;0.251101
Quark;0.000119
WorldCoin;0.014352
Ixcoin;0.010639
BitBar;0.890521
Digitalcoin;0.013914
Megacoin;0.011618
Freicoin;0.00532
Fastcoin;0.001348
Emerald Crypto;0.000738
Mincoin;0.129798
Peercoin;0.320949
Infinitecoin;1e-06
XRP;0.006064
Primecoin;0.679136
Namecoin;0.436207
Feathercoin;0.076248
Novacoin;4.08
Litecoin;2.21
GoldCoin;0.003014
Terracoin;0.099019
Argentum;0.012861
Zetacoin;0.00022
Bitcoin;196.44
Anoncoin;0.272855
Bullion;0.278957
Quark;0.00011
WorldCoin;0.014242
Ixcoin;0.008859
BitBar;0.972174
Digitalcoin;0.012427
Megacoin;0.012712
Freicoin;0.004911
Emerald Crypto;0.000542
Mincoin;0.117725
Peercoin;0.377165
Infinitecoin;7.3e-07
XRP;0.006842
Primecoin;0.656129
Namecoin;0.453776
Feathercoin;0.074647
Novacoin;4.16
Litecoin;2.13
GoldCoin;0.003324
Terracoin;0.110006
Zetacoin;0.000224
Bitcoin;198.55
Anoncoin;0.260101
Bullion;0.249289
Quark;0.000103
WorldCoin;0.013738
Ixcoin;0.010325
BitBar;1.13
Phoenixcoin;0.000997
Digitalcoin;0.012096
Megacoin;0.012135
Freicoin;0.005367
Emerald Crypto;0.000578
Mincoin;0.162813
Peercoin;0.3971
Infinitecoin;9.1e-07
XRP;0.005942
Primecoin;0.645288
Namecoin;0.450709
Feathercoin;0.071478
Novacoin;4.19
Litecoin;2.18
GoldCoin;0.003236
Terracoin;0.095304
Zetacoin;0.000239
Bitcoin;204.39
Anoncoin;0.218699
Bullion;0.249362
Quark;0.000106
WorldCoin;0.02187
Ixcoin;0.012263
BitBar;0.715365
Phoenixcoin;0.000648
Digitalcoin;0.012284
Megacoin;0.012265
Freicoin;0.005519
Emerald Crypto;0.000521
Mincoin;0.40878
Peercoin;0.39856
Infinitecoin;9.5e-07
XRP;0.005998
Primecoin;0.688794
Namecoin;0.457834
Feathercoin;0.07358
Novacoin;4.11
Litecoin;2.13
GoldCoin;0.003119
Terracoin;0.087888
Zetacoin;0.000499
Anoncoin;0.23928
Bitcoin;199.97
Bullion;0.236219
Quark;0.000138
WorldCoin;0.021861
Ixcoin;0.011216
BitBar;0.658108
Phoenixcoin;0.000604
Digitalcoin;0.012316
Megacoin;0.011641
Freicoin;0.005545
Emerald Crypto;0.000381
Mincoin;0.448648
Peercoin;0.36889
Infinitecoin;1e-06
XRP;0.005854
Primecoin;0.699898
Namecoin;0.45862
Feathercoin;0.071784
Novacoin;4.09
Litecoin;2.29
GoldCoin;0.003061
Terracoin;0.087736
Zetacoin;0.000596
Bitcoin;204
Anoncoin;0.209106
Bullion;0.195846
Quark;0.000126
WorldCoin;0.029376
Ixcoin;0.009712
BitBar;0.714279
Phoenixcoin;0.000618
Digitalcoin;0.013148
Megacoin;0.01328
Freicoin;0.00612
Emerald Crypto;0.000467
Mincoin;0.39882
Peercoin;0.37536
Infinitecoin;9.6e-07
XRP;0.006073
Primecoin;0.714
Namecoin;0.45492
Feathercoin;0.07344
Novacoin;4.11
Litecoin;2.36
GoldCoin;0.002883
Terracoin;0.0918
Zetacoin;0.000588
Anoncoin;0.240678
Bitcoin;206.18
Bullion;0.238342
Quark;0.000155
WorldCoin;0.030106
Ixcoin;0.010068
BitBar;0.226804
Phoenixcoin;0.000734
Digitalcoin;0.012985
Megacoin;0.012878
Freicoin;0.005825
Emerald Crypto;0.000318
Mincoin;0.445555
Peercoin;0.38968
Infinitecoin;7.9e-07
XRP;0.006353
Primecoin;0.722665
Namecoin;0.486585
Feathercoin;0.076287
Novacoin;4.16
Litecoin;2.45
GoldCoin;0.003093
Terracoin;0.092781
Zetacoin;0.000483
Anoncoin;0.233029
Bitcoin;206.22
Bullion;0.210821
Quark;0.000148
WorldCoin;0.028953
Ixcoin;0.010319
BitBar;0.72177
Phoenixcoin;0.000738
Digitalcoin;0.012373
Megacoin;0.012633
Freicoin;0.00516
Emerald Crypto;0.00047
Mincoin;0.542783
Peercoin;0.389756
Infinitecoin;9.4e-07
XRP;0.006814
Primecoin;0.700692
Namecoin;0.529985
Feathercoin;0.082488
Novacoin;4.11
Litecoin;2.7
GoldCoin;0.002988
Terracoin;0.090737
Zetacoin;0.000303
Anoncoin;0.249458
Bitcoin;215.05
Bullion;0.210775
Quark;0.000215
WorldCoin;0.027094
Ixcoin;0.011178
BitBar;0.64515
Phoenixcoin;0.000708
Digitalcoin;0.012034
Megacoin;0.012684
Freicoin;0.005484
Emerald Crypto;0.000292
Mincoin;0.537591
Peercoin;0.399993
Infinitecoin;9.6e-07
XRP;0.00716
Primecoin;0.677408
Namecoin;0.582785
Feathercoin;0.08387
Novacoin;4.25
Litecoin;2.88
Terracoin;0.116127
Zetacoin;0.000236
Anoncoin;0.240553
Bitcoin;229.1
Bullion;0.277211
Quark;0.000215
WorldCoin;0.027254
Ixcoin;0.010908
BitBar;0.300121
Phoenixcoin;0.000733
Digitalcoin;0.013327
Megacoin;0.013086
Freicoin;0.006341
Emerald Crypto;0.00036
Mincoin;0.476528
Peercoin;0.414671
Infinitecoin;9.8e-07
XRP;0.007011
Primecoin;0.675845
Namecoin;0.57275
Feathercoin;0.09164
Novacoin;4.22
Litecoin;3.08
Terracoin;0.119132
Zetacoin;0.000211
Anoncoin;0.237885
Bitcoin;245.24
Bullion;0.264997
Quark;0.000196
WorldCoin;0.025044
Ixcoin;0.011063
TagCoin;0.335981
BitBar;0.613022
Phoenixcoin;0.000625
Digitalcoin;0.014977
Megacoin;0.01314
Freicoin;0.006621
Emerald Crypto;0.000302
Mincoin;0.311433
Peercoin;0.446337
Infinitecoin;8.5e-07
XRP;0.00715
Primecoin;0.711196
Namecoin;0.546885
Feathercoin;0.093191
Novacoin;4.56
Litecoin;3.04
Terracoin;0.139787
Zetacoin;0.000226
Anoncoin;0.252394
Bitcoin;262.5
Bullion;0.289871
Quark;0.000171
WorldCoin;0.034122
Ixcoin;0.011812
TagCoin;0.330755
BitBar;0.654559
Phoenixcoin;0.00068
Digitalcoin;0.015015
Megacoin;0.014143
Freicoin;0.006038
Emerald Crypto;0.000289
Mincoin;0.25594
Peercoin;0.49875
Infinitecoin;8.7e-07
XRP;0.007776
Primecoin;0.685125
Namecoin;0.588
Feathercoin;0.09975
Novacoin;5.41
Litecoin;3.39
Terracoin;0.1365
Zetacoin;0.000234
Anoncoin;0.276372
Bullion;0.358656
Bitcoin;296.41
Quark;0.000169
WorldCoin;0.033168
Ixcoin;0.01335
TagCoin;0.255227
BitBar;0.4298
Phoenixcoin;0.000714
Digitalcoin;0.016187
Megacoin;0.014308
Freicoin;0.006293
Emerald Crypto;0.000344
Mincoin;0.266733
Peercoin;0.566143
Infinitecoin;9.9e-07
XRP;0.008939
Primecoin;0.726205
Namecoin;0.622461
Feathercoin;0.109672
Novacoin;5.47
Litecoin;4.39
Terracoin;0.133384
Zetacoin;0.000331
Anoncoin;0.306432
Bullion;0.463501
Quark;0.000156
WorldCoin;0.034234
Bitcoin;338.11
Ixcoin;0.015225
TagCoin;0.297537
BitBar;0.67548
Phoenixcoin;0.000798
Digitalcoin;0.016882
Megacoin;0.017426
Freicoin;0.008115
Emerald Crypto;0.000504
Mincoin;0.264064
Peercoin;0.611979
Infinitecoin;8.4e-07
XRP;0.010722
Primecoin;0.757366
Namecoin;0.710031
Feathercoin;0.118339
Novacoin;5.41
Litecoin;4.61
Terracoin;0.165674
Zetacoin;0.000298
Anoncoin;0.240812
Bullion;0.403198
Quark;0.000159
WorldCoin;0.035606
Ixcoin;0.013642
Bitcoin;339.11
TagCoin;0.291451
BitBar;0.517465
Phoenixcoin;0.000685
Digitalcoin;0.016993
Megacoin;0.013971
Freicoin;0.007393
Emerald Crypto;0.000593
Mincoin;0.246533
Peercoin;0.576487
Infinitecoin;9.8e-07
XRP;0.008653
Primecoin;0.701958
Namecoin;0.668047
Feathercoin;0.111906
Novacoin;5.39
Litecoin;4.22
Terracoin;0.135644
Zetacoin;0.000323
Anoncoin;0.238567
Bullion;0.527491
Quark;0.000154
WorldCoin;0.033639
Ixcoin;0.016661
Bitcoin;326.62
TagCoin;0.297557
BitBar;0.809616
Phoenixcoin;0.00066
Digitalcoin;0.016181
Megacoin;0.014502
Freicoin;0.006839
Emerald Crypto;0.000568
Mincoin;0.32662
Peercoin;0.614046
Infinitecoin;1e-06
XRP;0.008609
Primecoin;0.754492
Namecoin;0.636909
Feathercoin;0.107785
Novacoin;5.17
Litecoin;3.93
GoldCoin;0.004824
Terracoin;0.140447
Zetacoin;0.000325
Anoncoin;0.263682
Bullion;0.499969
Quark;0.000151
WorldCoin;0.033765
Ixcoin;0.018677
Bitcoin;342.44
TagCoin;0.320918
BitBar;0.68488
Phoenixcoin;0.000596
Digitalcoin;0.016468
Megacoin;0.014263
Freicoin;0.00702
Emerald Crypto;0.000616
Mincoin;0.289704
Peercoin;0.63009
Infinitecoin;1e-06
XRP;0.008681
Primecoin;0.804734
Namecoin;0.623241
Feathercoin;0.102732
Novacoin;5.27
Litecoin;4
GoldCoin;0.00475
Terracoin;0.136976
Zetacoin;0.00035
Anoncoin;0.256306
Bullion;0.454131
Quark;0.000169
WorldCoin;0.03243
Ixcoin;0.018413
Bitcoin;360.33
TagCoin;0.360298
BitBar;0.549507
Phoenixcoin;0.000623
Digitalcoin;0.015609
Megacoin;0.012644
Freicoin;0.005765
Emerald Crypto;0.000753
Mincoin;0.276013
Peercoin;0.644991
Infinitecoin;1e-06
XRP;0.009557
Primecoin;0.781916
Namecoin;0.576528
Feathercoin;0.104496
Novacoin;5.19
Litecoin;3.98
GoldCoin;0.005275
Terracoin;0.133322
Zetacoin;0.00033
Anoncoin;0.207808
Bullion;0.486021
Quark;0.000151
WorldCoin;0.02872
Ixcoin;0.016344
Bitcoin;407.37
TagCoin;0.187406
BitBar;0.651792
Phoenixcoin;0.000693
Digitalcoin;0.015056
Megacoin;0.014665
Freicoin;0.005785
Fastcoin;0.000778
Emerald Crypto;0.001287
Mincoin;0.292838
Peercoin;0.664013
Infinitecoin;1e-06
XRP;0.010846
Primecoin;0.70475
Namecoin;0.615129
Feathercoin;0.073327
Novacoin;5.29
Litecoin;4.11
GoldCoin;0.005267
Terracoin;0.057032
Zetacoin;0.000403
Anoncoin;0.219554
Bullion;0.49584
Quark;0.000164
WorldCoin;0.030809
Ixcoin;0.016959
TagCoin;0.286333
BitBar;0.558879
Phoenixcoin;0.000727
Digitalcoin;0.016984
Bitcoin;420.2
Megacoin;0.013648
Freicoin;0.006408
Fastcoin;0.000714
Emerald Crypto;0.000882
Mincoin;0.25296
Peercoin;0.689128
Infinitecoin;1e-06
XRP;0.009646
Primecoin;0.73535
Namecoin;0.617694
Feathercoin;0.092444
Novacoin;5.19
Litecoin;4.29
GoldCoin;0.005458
Terracoin;0.054626
Zetacoin;0.000397
Anoncoin;0.234278
Bullion;0.616393
Quark;0.000238
WorldCoin;0.032232
Ixcoin;0.01714
TagCoin;0.252028
BitBar;0.426397
Phoenixcoin;0.000723
Digitalcoin;0.016572
Megacoin;0.012977
Freicoin;0.005646
Bitcoin;417.95
Fastcoin;0.000731
Emerald Crypto;0.000836
Mincoin;0.231503
Peercoin;0.672899
Infinitecoin;1e-06
XRP;0.009685
Primecoin;0.743951
Namecoin;0.618566
Feathercoin;0.096129
Novacoin;5.01
Litecoin;4.21
GoldCoin;0.005366
Terracoin;0.058513
Zetacoin;0.000471
Anoncoin;0.246479
Bullion;1.23
Quark;0.000247
WorldCoin;0.045563
Ixcoin;0.017917
TagCoin;0.287028
BitBar;1.04
Phoenixcoin;0.00081
Digitalcoin;0.018978
Megacoin;0.014267
Freicoin;0.005723
Bitcoin;440.22
Fastcoin;0.000696
Emerald Crypto;0.001343
Mincoin;0.242165
Peercoin;0.708754
Infinitecoin;1e-06
XRP;0.01014
Primecoin;0.765983
Namecoin;0.655928
Feathercoin;0.092446
Novacoin;5.04
Litecoin;4.3
GoldCoin;0.005604
Terracoin;0.052826
Zetacoin;0.000472
Anoncoin;0.262806
Bullion;1.14
Quark;0.000192
WorldCoin;0.050146
Ixcoin;0.017716
TagCoin;0.278042
BitBar;1.23
Phoenixcoin;0.000876
Digitalcoin;0.024409
Megacoin;0.016732
Freicoin;0.005905
Bitcoin;492.11
Fastcoin;0.000748
Emerald Crypto;0.00127
Mincoin;0.184689
Peercoin;0.768902
Infinitecoin;2e-06
XRP;0.010209
Primecoin;0.688949
Namecoin;0.625477
Feathercoin;0.060037
Novacoin;4.87
Litecoin;4.09
GoldCoin;0.005763
Terracoin;0.049265
Zetacoin;0.000457
Anoncoin;0.232956
Bullion;1.21
Quark;0.000274
WorldCoin;0.050178
Ixcoin;0.025328
TagCoin;0.107659
BitBar;1.27
Phoenixcoin;0.001013
Digitalcoin;0.027966
Megacoin;0.015907
Freicoin;0.004925
Fastcoin;0.000711
Emerald Crypto;0.001302
Bitcoin;703.56
Mincoin;0.162522
Peercoin;1.13
Infinitecoin;1e-06
XRP;0.010918
Primecoin;0.598026
Namecoin;1.1
Feathercoin;0.11257
Novacoin;5.42
Litecoin;9.37
GoldCoin;0.007957
Terracoin;0.035178
Zetacoin;0.00045
Anoncoin;0.261987
Bullion;1.11
Quark;0.000193
WorldCoin;0.044138
Ixcoin;0.032446
TagCoin;0.207349
BitBar;1.05
Phoenixcoin;0.000982
Digitalcoin;0.022981
Megacoin;0.028237
Freicoin;0.00584
Fastcoin;0.00076
Emerald Crypto;0.001035
Mincoin;0.192863
Peercoin;0.876915
Bitcoin;584.61
Infinitecoin;2e-06
XRP;0.007225
Primecoin;0.736609
Namecoin;0.92953
Feathercoin;0.10523
Novacoin;4.93
Litecoin;8.03
GoldCoin;0.005501
Terracoin;0.035077
Zetacoin;0.000461
Anoncoin;0.362309
Bullion;1.33
Quark;0.000319
WorldCoin;0.050817
Ixcoin;0.024892
TagCoin;0.277684
BitBar;1.07
Phoenixcoin;0.00088
Digitalcoin;0.028064
Megacoin;0.032153
Freicoin;0.004727
Fastcoin;0.000804
Emerald Crypto;0.000962
Mincoin;0.173627
Bitcoin;590.83
Peercoin;0.909878
Infinitecoin;2e-06
XRP;0.007467
Primecoin;0.714904
Namecoin;0.974869
Feathercoin;0.112258
Novacoin;5.66
Litecoin;7.98
GoldCoin;0.005099
Terracoin;0.03545
Zetacoin;0.000563
Anoncoin;0.42679
Bullion;1.44
Quark;0.000296
WorldCoin;0.061804
Ixcoin;0.030458
TagCoin;0.334492
BitBar;2.89
Phoenixcoin;0.001127
Digitalcoin;0.032863
Megacoin;0.04193
Freicoin;0.010858
Fastcoin;0.001149
Mincoin;0.204542
Peercoin;1.26
Bitcoin;722.43
XRP;0.009935
Primecoin;1.02
Namecoin;2.12
Feathercoin;0.158935
Novacoin;7.11
Litecoin;9.35
GoldCoin;0.006509
Terracoin;0.065019
Zetacoin;0.000594
Anoncoin;0.686597
Bullion;2.08
Quark;0.000417
WorldCoin;0.07483
Ixcoin;0.034869
TagCoin;0.428651
BitBar;3.86
Phoenixcoin;0.001419
Digitalcoin;0.039714
Megacoin;0.050259
Freicoin;0.010478
Fastcoin;0.003356
Mincoin;0.20906
Peercoin;1.36
Bitcoin;771.44
Infinitecoin;3e-06
XRP;0.009717
Primecoin;1.43
Namecoin;2.7
Feathercoin;0.254575
Novacoin;8.29
Litecoin;10.13
GoldCoin;0.006881
Terracoin;0.062866
Zetacoin;0.000646
Anoncoin;1.34
Bullion;2.17
Quark;0.000511
WorldCoin;0.094055
Ixcoin;0.039093
TagCoin;0.503185
BitBar;6.86
Phoenixcoin;0.001525
Digitalcoin;0.040465
Megacoin;0.079232
Freicoin;0.029918
Fastcoin;0.002609
Mincoin;0.22339
Peercoin;1.76
Bitcoin;797.82
Infinitecoin;8e-06
XRP;0.009798
Primecoin;1.55
Namecoin;2.74
Feathercoin;0.263281
Novacoin;8.15
Litecoin;10.61
GoldCoin;0.009949
Terracoin;0.135629
Zetacoin;0.000643
Anoncoin;1.78
Bullion;2.04
Quark;0.001192
WorldCoin;0.092902
Ixcoin;0.061932
TagCoin;0.700696
BitBar;11.07
Phoenixcoin;0.001974
Digitalcoin;0.062699
Megacoin;0.136268
Freicoin;0.035616
Fastcoin;0.00463
Mincoin;0.325185
Peercoin;2.17
Bitcoin;774.25
Infinitecoin;7e-06
XRP;0.011668
Primecoin;1.7
Namecoin;2.71
Feathercoin;0.232275
Novacoin;8.2
Litecoin;10.41
GoldCoin;0.019279
Terracoin;0.139365
Zetacoin;0.001798
Anoncoin;1.54
Bullion;1.98
Quark;0.003444
WorldCoin;0.127858
Ixcoin;0.074333
TagCoin;0.879053
BitBar;10.17
Phoenixcoin;0.007991
Digitalcoin;0.075892
Megacoin;0.285258
Freicoin;0.030997
Fastcoin;0.006505
Mincoin;0.727872
Peercoin;2.29
Bitcoin;799.11
Infinitecoin;1e-05
XRP;0.018208
Primecoin;3.4
Namecoin;3.64
Feathercoin;0.28768
Novacoin;12.19
Litecoin;12.27
GoldCoin;0.022343
Terracoin;0.151831
Zetacoin;0.003016
Anoncoin;2.72
Bullion;2.7
Quark;0.010209
WorldCoin;0.126129
Ixcoin;0.081673
TagCoin;1.42
BitBar;18.19
Phoenixcoin;0.030163
Digitalcoin;0.113924
Megacoin;0.401969
Freicoin;0.080374
Fastcoin;0.009764
Mincoin;0.860944
Peercoin;3.26
Bitcoin;928.1
Infinitecoin;2.9e-05
XRP;0.029912
Primecoin;5.29
Namecoin;6.81
Feathercoin;0.445488
Novacoin;22.04
Litecoin;20.35
GoldCoin;0.034303
Terracoin;0.417645
Zetacoin;0.003848
Anoncoin;3.25
Bullion;3.09
Quark;0.039147
WorldCoin;0.160314
Ixcoin;0.101208
I0Coin;0.025049
TagCoin;1.5
BitBar;17.89
Phoenixcoin;0.019819
Digitalcoin;0.123602
Megacoin;0.601176
Freicoin;0.088173
Fastcoin;0.01003
Peercoin;3.58
Infinitecoin;8.7e-05
Bitcoin;1001.96
XRP;0.024096
Primecoin;4.93
Namecoin;7.52
Feathercoin;0.521019
FLO;0.004635
Novacoin;24.2
Litecoin;39.04
GoldCoin;0.038075
Terracoin;0.350686
Zetacoin;0.003602
Bitcoin;1031.95
Anoncoin;4.39
Bullion;3.2
Quark;0.034519
WorldCoin;0.288946
Ixcoin;0.129004
I0Coin;0.028895
TagCoin;1.03
BitBar;36.83
Phoenixcoin;0.014819
Digitalcoin;0.109686
Megacoin;0.562526
Freicoin;0.114753
Fastcoin;0.010639
Peercoin;3.81
Infinitecoin;0.000127
XRP;0.028981
Primecoin;5.48
Namecoin;11.6
Feathercoin;1.02
FLO;0.007369
Novacoin;27.98
Litecoin;43.39
GoldCoin;0.041175
Terracoin;0.454058
Zetacoin;0.006792
Bitcoin;1131.97
Anoncoin;7.7
Bullion;3.25
Quark;0.048448
WorldCoin;0.407622
Ixcoin;0.133165
I0Coin;0.037366
TagCoin;2.72
BitBar;87.16
Phoenixcoin;0.033959
Digitalcoin;0.14153
Megacoin;1.58
Freicoin;0.271673
Fastcoin;0.012418
Peercoin;7.38
Infinitecoin;8.7e-05
XRP;0.030986
Primecoin;6.83
Namecoin;10.91
Feathercoin;1.26
FLO;0.019924
Novacoin;26.44
Litecoin;37.74
GoldCoin;0.067896
Terracoin;1.71
Zetacoin;0.035713
Bitcoin;1129.43
Anoncoin;10.16
Bullion;6.21
Quark;0.057608
WorldCoin;0.573049
Ixcoin;0.168262
I0Coin;0.054382
TagCoin;3.39
BitBar;156.99
Phoenixcoin;0.103998
Digitalcoin;0.451783
Megacoin;2.38
Freicoin;0.46362
Fastcoin;0.0418
Mincoin;0.790601
Peercoin;7.75
Infinitecoin;7.6e-05
XRP;0.038386
Primecoin;7.01
Namecoin;10.05
Feathercoin;1.31
FLO;0.041018
Novacoin;25.5
Litecoin;40.47
GoldCoin;0.084707
Terracoin;1.49
Zetacoin;0.037832
Bitcoin;955.85
Anoncoin;6.31
Bullion;4.78
Quark;0.248511
WorldCoin;0.487464
Ixcoin;0.171895
I0Coin;0.028714
TagCoin;2.82
BitBar;86.03
Phoenixcoin;0.077606
Digitalcoin;0.27301
Megacoin;1.51
Freicoin;0.322121
Fastcoin;0.023036
Mincoin;0.477954
Peercoin;6.39
Infinitecoin;6.5e-05
XRP;0.051496
Primecoin;5.54
Namecoin;8.42
Feathercoin;0.974967
FLO;0.02067
Novacoin;21.54
Litecoin;34.74
GoldCoin;0.120905
Terracoin;1.21
Argentum;0.563722
Zetacoin;0.031655
Anoncoin;10.43
Bullion;4.28
Quark;0.203561
WorldCoin;0.521874
Ixcoin;0.17216
I0Coin;0.046939
TagCoin;2.09
BitBar;103.8
Phoenixcoin;0.052166
Digitalcoin;0.240049
Megacoin;1.37
Freicoin;0.241228
Fastcoin;0.031822
Mincoin;0.361003
Peercoin;6.39
Infinitecoin;6.7e-05
Bitcoin;1043.33
XRP;0.055252
Primecoin;5.25
Namecoin;8.3
Feathercoin;0.876397
FLO;0.017221
Novacoin;22.83
Litecoin;33.18
GoldCoin;0.0939
Terracoin;1.1
Argentum;0.37058
Zetacoin;0.01942
Bitcoin;1078.28
Anoncoin;10.38
Bullion;5.24
WorldCoin;0.669935
Ixcoin;0.133707
I0Coin;0.047433
TagCoin;2.3
BitBar;79.79
Phoenixcoin;0.042409
Digitalcoin;0.237319
Megacoin;1.4
Freicoin;0.221047
Fastcoin;0.040845
Mincoin;0.377905
Peercoin;6.38
Infinitecoin;6.6e-05
XRP;0.048672
Primecoin;5.46
Namecoin;8.68
Feathercoin;0.830276
FLO;0.017594
Novacoin;23.05
Litecoin;39.79
GoldCoin;0.095859
Terracoin;1.1
Argentum;0.245729
Zetacoin;0.023053
Bitcoin;1151.17
Nxt;0.013584
Anoncoin;11.57
Bullion;5.25
Quark;0.157989
WorldCoin;0.919785
Ixcoin;0.116844
I0Coin;0.050076
TagCoin;2.75
BitBar;89.79
Phoenixcoin;0.035847
Digitalcoin;0.280885
Megacoin;1.82
Freicoin;0.238407
Fastcoin;0.052885
Mincoin;0.489247
Peercoin;6.57
Infinitecoin;6.1e-05
XRP;0.058692
Primecoin;6.06
Namecoin;10.72
Feathercoin;0.851866
FLO;0.01537
Novacoin;26.3
Litecoin;44.73
GoldCoin;0.091978
Terracoin;1.15
Argentum;0.348206
Bitcoin;1045.11
Nxt;0.011726
Anoncoin;8.53
Bullion;4.54
Quark;0.135979
WorldCoin;0.731577
Ixcoin;0.15939
I0Coin;0.069897
TagCoin;2.3
BitBar;81.2
Phoenixcoin;0.029796
Digitalcoin;0.214686
Megacoin;1.72
Freicoin;0.189269
Fastcoin;0.04287
Mincoin;0.47032
Peercoin;5.65
Infinitecoin;5.1e-05
XRP;0.055153
Primecoin;5.03
Namecoin;8.94
Feathercoin;0.647968
FLO;0.014079
Novacoin;22.97
Litecoin;37.75
GoldCoin;0.065351
Terracoin;0.982403
Argentum;0.366133
Bitcoin;829.45
Nxt;0.008295
Anoncoin;6.35
Bullion;3.32
Quark;0.097046
WorldCoin;0.489376
Ixcoin;0.111976
I0Coin;0.04985
TagCoin;2.57
BitBar;66.11
Phoenixcoin;0.018829
Digitalcoin;0.181608
Megacoin;1.13
Freicoin;0.161826
Joulecoin;0.050078
Fastcoin;0.031096
Mincoin;0.39398
Peercoin;4.26
Infinitecoin;2.8e-05
XRP;0.042211
Primecoin;3.79
Namecoin;6.63
Feathercoin;0.439609
FLO;0.008967
Novacoin;17.99
Litecoin;29.84
GoldCoin;0.051044
Terracoin;0.729916
Argentum;0.363316
Zetacoin;0.008169
Nxt;0.005663
Anoncoin;4.83
Bullion;2.7
Quark;0.083885
WorldCoin;0.523673
Ixcoin;0.091503
I0Coin;0.04748
TagCoin;1.43
BitBar;55.58
Phoenixcoin;0.011877
Digitalcoin;0.139988
Megacoin;0.975204
Freicoin;0.132671
Fastcoin;0.021652
Mincoin;0.300246
Peercoin;3.34
Datacoin;0.523673
Bitcoin;698.23
Infinitecoin;2.3e-05
XRP;0.033066
Primecoin;2.76
Namecoin;5.3
Feathercoin;0.33515
FLO;0.00614
Novacoin;14.91
Litecoin;23.29
GoldCoin;0.048876
Terracoin;0.494956
Argentum;0.274048
Zetacoin;0.036212
Nxt;0.003979
Anoncoin;7.24
Bullion;3.18
Quark;0.106726
WorldCoin;0.760096
Ixcoin;0.111398
I0Coin;0.050944
TagCoin;1.39
BitBar;71.63
Phoenixcoin;0.020821
Digitalcoin;0.153189
Megacoin;0.994822
Freicoin;0.132648
Fastcoin;0.025484
Mincoin;0.326323
Peercoin;4.05
Datacoin;0.79587
Bitcoin;795.87
Infinitecoin;4e-05
XRP;0.036456
Primecoin;3.5
Namecoin;6.29
Feathercoin;0.445687
FLO;0.024255
Novacoin;16.94
Litecoin;27.27
GoldCoin;0.06632
Terracoin;0.644655
Argentum;0.265025
Zetacoin;0.053591
Nxt;0.002983
Anoncoin;7.23
Bullion;3.3
Quark;0.223298
WorldCoin;0.769046
Ixcoin;0.133541
I0Coin;0.060746
TagCoin;1.54
BitBar;88.43
Phoenixcoin;0.030628
Digitalcoin;0.21307
Megacoin;1.02
Freicoin;0.188463
Fastcoin;0.03663
Mincoin;0.416084
Peercoin;5.19
Datacoin;1.16
Bitcoin;893.19
Infinitecoin;5.6e-05
XRP;0.03893
Primecoin;4.39
Namecoin;7.32
Feathercoin;0.56271
FLO;0.01708
Novacoin;19.29
Litecoin;31.57
GoldCoin;0.068999
Terracoin;0.839599
Argentum;0.326845
Zetacoin;0.100324
Nxt;0.003064
Anoncoin;8.97
Bullion;3.76
Quark;0.255609
WorldCoin;0.818457
Ixcoin;0.156194
I0Coin;0.059805
TagCoin;1.75
BitBar;81.06
Phoenixcoin;0.045926
Digitalcoin;0.261668
Megacoin;1.31
Freicoin;0.197702
Fastcoin;0.047112
Mincoin;0.463463
Peercoin;5.34
Datacoin;1.14
Infinitecoin;6.5e-05
Bitcoin;988.51
XRP;0.043784
Primecoin;4.71
Namecoin;7.74
Feathercoin;0.602991
FLO;0.034574
Novacoin;20.86
Litecoin;36.29
GoldCoin;0.11438
Terracoin;0.939084
Argentum;0.46626
Zetacoin;0.069637
Nxt;0.00779
Anoncoin;7.16
Bullion;3.17
Quark;0.222089
WorldCoin;0.685276
Ixcoin;0.14451
I0Coin;0.045505
TagCoin;1.49
BitBar;74.85
Phoenixcoin;0.061494
Digitalcoin;0.245755
Megacoin;1.02
Freicoin;0.163977
Fastcoin;0.036685
Mincoin;0.549059
Peercoin;4.65
Datacoin;1.01
Infinitecoin;5.4e-05
Bitcoin;878.48
XRP;0.037937
Primecoin;4
Namecoin;6.7
Feathercoin;0.465594
FLO;0.048378
Novacoin;18.04
Litecoin;30.98
GoldCoin;0.105418
Terracoin;0.764278
Argentum;0.567287
Zetacoin;0.069861
Nxt;0.003231
Anoncoin;6.99
Bullion;3.09
Quark;0.252372
WorldCoin;0.671371
Ixcoin;0.161553
I0Coin;0.049461
TagCoin;1.48
BitBar;75.27
Phoenixcoin;0.065329
Digitalcoin;0.399499
Megacoin;1.01
Freicoin;0.191209
Fastcoin;0.036677
Mincoin;0.650982
Peercoin;4.5
Datacoin;0.996433
Infinitecoin;5.5e-05
Bitcoin;873.26
XRP;0.03465
Primecoin;3.99
Namecoin;6.5
Feathercoin;0.480293
FLO;0.03093
Novacoin;17.99
Litecoin;31.59
GoldCoin;0.11968
Terracoin;0.759736
Argentum;0.611727
Zetacoin;0.07005
Nxt;0.003776
Anoncoin;7.02
Bullion;3.39
Quark;0.257081
WorldCoin;0.628073
Ixcoin;0.188334
I0Coin;0.051761
TagCoin;1.51
BitBar;74.35
Phoenixcoin;0.066051
Digitalcoin;0.486456
Megacoin;0.990817
Freicoin;0.180319
Joulecoin;0.107163
Fastcoin;0.038372
Mincoin;0.680648
Peercoin;4.45
Datacoin;1.02
Infinitecoin;6e-05
Bitcoin;892.58
XRP;0.035145
Primecoin;4.03
Namecoin;6.2
Feathercoin;0.455216
FLO;0.039429
Novacoin;17.74
Litecoin;31.2
GoldCoin;0.112465
Terracoin;0.651583
Argentum;0.568654
Zetacoin;0.06877
Nxt;0.004529
Anoncoin;6.91
Bullion;3.56
Quark;0.189249
WorldCoin;0.625654
Ixcoin;0.19808
I0Coin;0.046684
TagCoin;1.46
BitBar;74.34
Phoenixcoin;0.076073
Digitalcoin;0.706806
Megacoin;0.841361
Freicoin;0.158115
Joulecoin;0.15041
Fastcoin;0.04014
Mincoin;0.6289
Peercoin;4.28
Datacoin;0.955497
Infinitecoin;5.6e-05
Bitcoin;872.6
XRP;0.031941
Primecoin;3.91
Namecoin;5.91
Feathercoin;0.4363
FLO;0.037311
Novacoin;17.28
Litecoin;30.38
GoldCoin;0.104712
Terracoin;0.645724
Argentum;0.724127
Deutsche eMark;0.327669
Zetacoin;0.06393
Nxt;0.00743
Anoncoin;5.93
Bullion;3.43
Quark;0.185711
WorldCoin;0.630587
Ixcoin;0.15771
I0Coin;0.045567
TagCoin;1.24
BitBar;65.71
Phoenixcoin;0.076047
Digitalcoin;0.560629
Megacoin;0.874359
Freicoin;0.14894
Fastcoin;0.04293
Mincoin;0.619391
Peercoin;4.38
Datacoin;0.957599
Infinitecoin;6.2e-05
Bitcoin;876.12
XRP;0.029137
BetaCoin;0.084975
Dogecoin;0.000298
Primecoin;3.96
CasinoCoin;0.097162
Namecoin;5.86
Feathercoin;0.446821
FLO;0.046159
Novacoin;17.43
Litecoin;31.28
GoldCoin;0.105134
Terracoin;0.65709
Argentum;0.673763
Deutsche eMark;0.352985
Zetacoin;0.038468
Nxt;0.006354
Anoncoin;4.13
Bullion;2.82
Quark;0.11119
WorldCoin;0.352978
Ixcoin;0.136372
I0Coin;0.036943
TagCoin;0.769656
BitBar;49.31
Phoenixcoin;0.070116
Digitalcoin;0.336402
Megacoin;0.638308
Freicoin;0.117897
Fastcoin;0.028952
Mincoin;0.491701
Peercoin;3.42
Datacoin;0.771625
Infinitecoin;4.1e-05
Bitcoin;705.97
XRP;0.021565
BetaCoin;0.079499
Dogecoin;0.000205
Primecoin;2.87
CasinoCoin;0.051529
Namecoin;4.55
Feathercoin;0.324746
FLO;0.031812
Novacoin;14.01
Litecoin;24.64
GoldCoin;0.077635
Terracoin;0.46594
Argentum;0.429787
Deutsche eMark;0.402437
Zetacoin;0.023758
Nxt;0.00661
Anoncoin;3.79
Bullion;2.2
Quark;0.119528
WorldCoin;0.347881
Ixcoin;0.190243
I0Coin;0.030013
TagCoin;0.619283
BitBar;45.7
Phoenixcoin;0.051275
Digitalcoin;0.279383
Megacoin;0.450226
Freicoin;0.088682
Fastcoin;0.024113
Mincoin;0.369109
GrandCoin;0.002742
Peercoin;3.21
Datacoin;0.607053
Bitcoin;682.12
Infinitecoin;3e-05
XRP;0.018313
BetaCoin;0.190994
Dogecoin;0.000269
Primecoin;2.55
CasinoCoin;0.041609
Namecoin;4.12
Feathercoin;0.300133
FLO;0.020402
Novacoin;12.96
Litecoin;21.97
GoldCoin;0.068642
Terracoin;0.416093
Argentum;0.422744
Deutsche eMark;0.229988
Zetacoin;0.020124
Nxt;0.006257
Anoncoin;2.78
Bullion;1.66
Quark;0.075457
WorldCoin;0.250912
Ixcoin;0.10454
I0Coin;0.016209
TagCoin;0.475662
BitBar;35.81
Phoenixcoin;0.022497
Digitalcoin;0.185585
Megacoin;0.329306
Freicoin;0.073178
Fastcoin;0.014777
Mincoin;0.261345
GrandCoin;0.002033
Peercoin;2.23
Datacoin;0.47826
Bitcoin;522.7
Infinitecoin;2.4e-05
XRP;0.015852
BetaCoin;0.103756
Dogecoin;0.000362
Primecoin;1.78
CasinoCoin;0.02878
Namecoin;3
Feathercoin;0.203853
FLO;0.012359
Novacoin;9.94
Litecoin;13.39
GoldCoin;0.044696
Terracoin;0.292712
Argentum;0.298984
Deutsche eMark;0.602005
Zetacoin;0.02758
Nxt;0.00871
Anoncoin;4.08
Bullion;2.15
Quark;0.10241
WorldCoin;0.398915
Ixcoin;0.14556
I0Coin;0.026945
TagCoin;0.622778
BitBar;38.75
Phoenixcoin;0.029069
Digitalcoin;0.269103
Megacoin;0.505767
Freicoin;0.083042
Fastcoin;0.019375
Bitcoin;691.96
Mincoin;0.31844
GrandCoin;0.001668
Peercoin;3.67
Datacoin;0.52243
Infinitecoin;3.7e-05
XRP;0.021073
BetaCoin;0.159151
Dogecoin;0.001162
Primecoin;2.52
CasinoCoin;0.028377
Namecoin;4.85
Feathercoin;0.297543
Diamond;2.12
FLO;0.01671
Novacoin;13.72
Litecoin;19.91
GoldCoin;0.06366
Terracoin;0.477452
Argentum;0.330224
Deutsche eMark;0.498312
Zetacoin;0.033013
Nxt;0.011355
Anoncoin;3.99
Bullion;1.86
Quark;0.091833
WorldCoin;0.448487
Ixcoin;0.112133
I0Coin;0.020761
TagCoin;0.856306
BitBar;41.42
Phoenixcoin;0.024779
Digitalcoin;0.274022
Megacoin;0.568618
Freicoin;0.077238
Fastcoin;0.018002
Mincoin;0.274078
GrandCoin;0.001638
Peercoin;3.23
Datacoin;0.515753
Bitcoin;625.32
Infinitecoin;3.5e-05
XRP;0.020851
BetaCoin;0.11212
Dogecoin;0.000704
Primecoin;2.16
CasinoCoin;0.02651
Namecoin;4.19
Feathercoin;0.261614
Diamond;1.37
FLO;0.012248
Novacoin;12.07
Litecoin;17.57
GoldCoin;0.05056
Terracoin;0.411107
Argentum;0.412029
Deutsche eMark;0.423968
Zetacoin;0.035522
Nxt;0.018164
Anoncoin;3.63
Bullion;1.7
Quark;0.087918
WorldCoin;0.377914
Ixcoin;0.109019
Orbitcoin;0.241477
I0Coin;0.015463
TagCoin;0.961334
BitBar;38.16
Phoenixcoin;0.021489
Digitalcoin;0.229884
Megacoin;0.489119
Freicoin;0.075708
Joulecoin;0.069203
Fastcoin;0.015783
Mincoin;0.272753
GrandCoin;0.001484
Peercoin;3.03
Datacoin;0.511771
Bitcoin;605.66
Infinitecoin;3.5e-05
XRP;0.021684
BetaCoin;0.087821
Unobtanium;6.48
Dogecoin;0.000394
Primecoin;2.04
CasinoCoin;0.033978
Namecoin;4.04
Feathercoin;0.254377
Diamond;1.29
FLO;0.011425
Novacoin;11.36
Litecoin;16.73
GoldCoin;0.043723
Terracoin;0.387622
Argentum;0.413078
Deutsche eMark;0.462885
Zetacoin;0.033303
Nxt;0.03324
Anoncoin;3.67
Bullion;1.67
Quark;0.084986
WorldCoin;0.38533
Ixcoin;0.111092
Orbitcoin;0.249273
I0Coin;0.017281
TagCoin;1.15
BitBar;37.28
Phoenixcoin;0.023521
Digitalcoin;0.207613
Megacoin;0.518555
Freicoin;0.080295
Joulecoin;0.049936
Fastcoin;0.016664
Mincoin;0.277756
GrandCoin;0.001963
Peercoin;3.06
Datacoin;0.462916
Bitcoin;617.18
Infinitecoin;3.5e-05
XRP;0.021716
BetaCoin;0.06178
Unobtanium;9.59
Dogecoin;0.000315
Primecoin;2.04
CasinoCoin;0.027835
Namecoin;4.04
Feathercoin;0.259216
Diamond;1.32
FLO;0.011866
Novacoin;11.5
Litecoin;16.86
GoldCoin;0.042135
Terracoin;0.370308
Argentum;0.343911
Deutsche eMark;0.437717
Zetacoin;0.035374
Nxt;0.026137
Anoncoin;4.01
Bullion;1.89
Quark;0.095685
WorldCoin;0.417514
Ixcoin;0.130601
Orbitcoin;0.219148
I0Coin;0.020202
TagCoin;0.828294
BitBar;35.22
Phoenixcoin;0.024395
Digitalcoin;0.239081
Megacoin;0.51227
Freicoin;0.084506
Joulecoin;0.040405
Fastcoin;0.017334
Mincoin;0.321405
GrandCoin;0.00198
Peercoin;3.37
Datacoin;0.511792
Bitcoin;673.41
Infinitecoin;4.1e-05
XRP;0.023702
BetaCoin;0.070708
Unobtanium;14.68
Dogecoin;0.000451
Primecoin;2.29
CasinoCoin;0.031085
Namecoin;4.24
Feathercoin;0.282832
Diamond;1.61
FLO;0.014511
Novacoin;11.9
Litecoin;17.89
GoldCoin;0.048661
Terracoin;0.418686
Argentum;0.340914
Deutsche eMark;0.445939
Zetacoin;0.034058
Nxt;0.038054
Anoncoin;4.07
Bullion;1.76
Quark;0.092589
WorldCoin;0.376173
Ixcoin;0.122467
Orbitcoin;0.199774
I0Coin;0.020833
TagCoin;0.736531
BitBar;33.21
Phoenixcoin;0.025565
Digitalcoin;0.226177
Megacoin;0.49611
Freicoin;0.075876
Joulecoin;0.034597
Fastcoin;0.015688
Mincoin;0.280336
GrandCoin;0.001983
Peercoin;3.32
Datacoin;0.465953
Bitcoin;665.58
Infinitecoin;4.6e-05
XRP;0.022575
BetaCoin;0.066571
Unobtanium;12.39
Dogecoin;0.000686
Primecoin;2.22
CasinoCoin;0.028627
Namecoin;4.13
Feathercoin;0.272888
Diamond;2.09
FLO;0.014155
Omni;107.16
Novacoin;12.05
Litecoin;17.64
GoldCoin;0.04926
Terracoin;0.41266
Argentum;0.313701
Deutsche eMark;0.429792
Zetacoin;0.033981
Nxt;0.064458
Anoncoin;4.64
Bullion;2.21
Quark;0.09261
WorldCoin;0.378047
Ixcoin;0.115989
Orbitcoin;0.187226
I0Coin;0.020807
TagCoin;0.757321
BitBar;34.69
Phoenixcoin;0.033285
Digitalcoin;0.25924
Megacoin;0.534457
Freicoin;0.075043
Joulecoin;0.044344
Fastcoin;0.018713
Mincoin;0.311483
GrandCoin;0.002053
Peercoin;3.46
Datacoin;0.504767
Bitcoin;682.21
Infinitecoin;5.8e-05
XRP;0.022042
BetaCoin;0.075043
Unobtanium;7.55
Dogecoin;0.000587
Primecoin;2.34
CasinoCoin;0.031457
Namecoin;4.63
Feathercoin;0.286528
Diamond;2.05
FLO;0.022415
Omni;132.42
Novacoin;12.93
Litecoin;21.15
GoldCoin;0.058684
Terracoin;0.429792
Argentum;0.37862
Deutsche eMark;0.304792
Zetacoin;0.03608
Nxt;0.084504
Anoncoin;5.2
Bullion;2.47
Quark;0.115707
WorldCoin;0.528738
Ixcoin;0.129925
Orbitcoin;0.217187
I0Coin;0.026685
TagCoin;0.800285
BitBar;39.98
Phoenixcoin;0.031203
Digitalcoin;0.263363
Megacoin;0.83833
Freicoin;0.078484
Joulecoin;0.053179
Fastcoin;0.024414
Mincoin;0.384701
GrandCoin;0.00288
Peercoin;3.98
Datacoin;0.473997
Bitcoin;761.98
Infinitecoin;7.4e-05
XRP;0.024385
BetaCoin;0.105687
Unobtanium;9.37
Dogecoin;0.000602
Primecoin;2.75
CasinoCoin;0.042328
Namecoin;5.33
Feathercoin;0.36575
Diamond;2.29
FLO;0.01998
Omni;186.7
Novacoin;14.36
Litecoin;24.76
GoldCoin;0.056768
Terracoin;0.510527
Argentum;0.419188
Deutsche eMark;0.309553
Zetacoin;0.036011
Nxt;0.0718
Anoncoin;4.81
Bullion;2.28
Quark;0.115428
WorldCoin;0.490321
Ixcoin;0.126579
Orbitcoin;0.19397
I0Coin;0.029403
TagCoin;0.758026
BitBar;46.31
Phoenixcoin;0.030807
Digitalcoin;0.264633
Megacoin;0.852615
Freicoin;0.081593
Joulecoin;0.051411
Fastcoin;0.020251
Mincoin;0.375716
GrandCoin;0.002293
Peercoin;3.81
Datacoin;0.514542
Bitcoin;735.07
Infinitecoin;9.3e-05
XRP;0.027076
BetaCoin;0.086962
Unobtanium;7.34
Dogecoin;0.000522
Primecoin;2.57
CasinoCoin;0.04084
Namecoin;4.84
Feathercoin;0.338132
Diamond;1.75
FLO;0.019056
Omni;181.66
Novacoin;13.64
Litecoin;23.27
GoldCoin;0.050837
Terracoin;0.477796
Argentum;0.349585
Deutsche eMark;0.271553
Zetacoin;0.032199
Nxt;0.060045
Anoncoin;4.56
Bullion;2.25
Quark;0.106991
WorldCoin;0.486977
Ixcoin;0.120077
Orbitcoin;0.184731
I0Coin;0.025954
TagCoin;0.700602
BitBar;41.49
Phoenixcoin;0.028182
Digitalcoin;0.242426
Megacoin;0.816654
Freicoin;0.074311
Joulecoin;0.050948
Fastcoin;0.019797
Mincoin;0.366098
GrandCoin;0.002315
Peercoin;4.25
Datacoin;0.524038
Bitcoin;727.83
Infinitecoin;8.3e-05
XRP;0.027303
BetaCoin;0.065716
Unobtanium;6.7
Dogecoin;0.000459
Primecoin;2.58
CasinoCoin;0.037141
Namecoin;4.81
Feathercoin;0.334802
Diamond;1.89
FLO;0.019358
Omni;170.1
Novacoin;13.43
Litecoin;22.56
GoldCoin;0.053496
Terracoin;0.458533
Argentum;0.329263
Deutsche eMark;0.319999
Zetacoin;0.035494
Nxt;0.056123
Anoncoin;4.62
Bullion;2.24
Quark;0.111005
WorldCoin;0.518972
Ixcoin;0.121965
Orbitcoin;0.186248
I0Coin;0.024818
TagCoin;0.707842
BitBar;43.96
Phoenixcoin;0.028198
Digitalcoin;0.240465
Megacoin;0.840416
Freicoin;0.074505
Joulecoin;0.044696
Fastcoin;0.021159
Mincoin;0.372532
GrandCoin;0.00231
Peercoin;4.28
Datacoin;0.483858
Bitcoin;745.05
Infinitecoin;0.000108
XRP;0.027218
BetaCoin;0.068545
Unobtanium;6.36
Dogecoin;0.000454
Primecoin;2.71
CasinoCoin;0.035107
Namecoin;5.01
Feathercoin;0.342723
Diamond;2.2
FLO;0.020484
Omni;180.4
Novacoin;13.78
Litecoin;24.07
GoldCoin;0.055
Terracoin;0.476832
Argentum;0.346314
Deutsche eMark;0.309998
Zetacoin;0.044029
Nxt;0.050882
Anoncoin;4.5
Bullion;1.97
Quark;0.111242
WorldCoin;0.497534
Ixcoin;0.098305
Orbitcoin;0.174749
I0Coin;0.030215
TagCoin;0.725892
BitBar;41.89
Phoenixcoin;0.026706
Digitalcoin;0.228102
Megacoin;0.856347
Freicoin;0.068369
Joulecoin;0.045821
Fastcoin;0.01969
Mincoin;0.395131
GrandCoin;0.002049
Peercoin;4.55
Datacoin;0.400779
Bitcoin;756.13
Infinitecoin;0.000119
XRP;0.02746
BetaCoin;0.048808
Unobtanium;4.91
Dogecoin;0.000416
Primecoin;2.7
CasinoCoin;0.036445
Namecoin;5.12
Feathercoin;0.34782
Diamond;2.15
FLO;0.020233
Omni;186.1
Novacoin;13.85
Litecoin;24.38
GoldCoin;0.053904
Terracoin;0.483923
Argentum;0.306686
Deutsche eMark;0.294705
Zetacoin;0.039849
Nxt;0.052105
Anoncoin;4.6
Bullion;2.01
Quark;0.110387
WorldCoin;0.490076
Ixcoin;0.124962
Orbitcoin;0.187982
I0Coin;0.034315
TagCoin;0.724687
BitBar;43.36
Phoenixcoin;0.032799
Digitalcoin;0.233592
Megacoin;0.867247
Freicoin;0.068766
Joulecoin;0.045821
Fastcoin;0.021075
Mincoin;0.467486
GrandCoin;0.001847
Peercoin;4.61
Datacoin;0.444873
Bitcoin;754.01
Infinitecoin;0.000108
XRP;0.02733
BetaCoin;0.060351
Unobtanium;7.12
Dogecoin;0.000422
Primecoin;2.8
CasinoCoin;0.037738
Namecoin;5.1
Feathercoin;0.346845
Diamond;1.77
FLO;0.018862
Omni;179.29
Novacoin;13.64
Litecoin;24.35
FedoraCoin;4e-06
GoldCoin;0.056234
Terracoin;0.490106
Argentum;0.333808
